{"type": "FeatureCollection", "features": [{"type": "Feature", "geometry": {"type": "Point", "coordinates": [55.3643989563, 25.2527999878]}, "properties": {"layer": "Airports", "type": "Large airport", "name": "Dubai International Airport", "country_code": "AE", "status": "Been", "favorite": false, "also_wishlist": false, "placesbeen_id": 187764}}, {"type": "Feature", "geometry": {"type": "Point", "coordinates": [13.2312, -8.85837]}, "properties": {"layer": "Airports", "type": "Large airport", "name": "Quatro de Fevereiro Airport", "country_code": "AO", "status": "Been", "favorite": false, "also_wishlist": false, "placesbeen_id": 188274}}, {"type": "Feature", "geometry": {"type": "Point", "coordinates": [16.569700241089, 48.110298156738]}, "properties": {"layer": "Airports", "type": "Large airport", "name": "Vienna International Airport", "country_code": "AT", "status": "Been", "favorite": false, "also_wishlist": false, "placesbeen_id": 187843}}, {"type": "Feature", "geometry": {"type": "Point", "coordinates": [151.177001953125, -33.9460983276367]}, "properties": {"layer": "Airports", "type": "Large airport", "name": "Sydney Kingsford Smith International Airport", "country_code": "AU", "status": "Been", "favorite": false, "also_wishlist": false, "placesbeen_id": 187807}}, {"type": "Feature", "geometry": {"type": "Point", "coordinates": [-63.135399, -17.6448]}, "properties": {"layer": "Airports", "type": "Large airport", "name": "Viru Viru International Airport", "country_code": "BO", "status": "Been", "favorite": false, "also_wishlist": false, "placesbeen_id": 188281}}, {"type": "Feature", "geometry": {"type": "Point", "coordinates": [-46.6563873291015, -23.6261100769042]}, "properties": {"layer": "Airports", "type": "Large airport", "name": "Congonhas Airport", "country_code": "BR", "status": "Been", "favorite": false, "also_wishlist": false, "placesbeen_id": 187882}}, {"type": "Feature", "geometry": {"type": "Point", "coordinates": [-46.4730567932128, -23.4355564117431]}, "properties": {"layer": "Airports", "type": "Large airport", "name": "Guarulhos - Governador André Franco Montoro International Airport", "country_code": "BR", "status": "Been", "favorite": false, "also_wishlist": false, "placesbeen_id": 187811}}, {"type": "Feature", "geometry": {"type": "Point", "coordinates": [-47.9208335876464, -15.8691673278808]}, "properties": {"layer": "Airports", "type": "Large airport", "name": "Presidente Juscelino Kubistschek International Airport", "country_code": "BR", "status": "Been", "favorite": false, "also_wishlist": false, "placesbeen_id": 187905}}, {"type": "Feature", "geometry": {"type": "Point", "coordinates": [-43.2505569458, -22.8099994659]}, "properties": {"layer": "Airports", "type": "Large airport", "name": "Rio Galeão – Tom Jobim International Airport", "country_code": "BR", "status": "Been", "favorite": false, "also_wishlist": false, "placesbeen_id": 187910}}, {"type": "Feature", "geometry": {"type": "Point", "coordinates": [-114.019996643, 51.113899231]}, "properties": {"layer": "Airports", "type": "Large airport", "name": "Calgary International Airport", "country_code": "CA", "status": "Been", "favorite": false, "also_wishlist": false, "placesbeen_id": 187901}}, {"type": "Feature", "geometry": {"type": "Point", "coordinates": [8.54917, 47.464699]}, "properties": {"layer": "Airports", "type": "Large airport", "name": "Zürich Airport", "country_code": "CH", "status": "Been", "favorite": false, "also_wishlist": false, "placesbeen_id": 187829}}, {"type": "Feature", "geometry": {"type": "Point", "coordinates": [-70.7857971191406, -33.3930015563964]}, "properties": {"layer": "Airports", "type": "Large airport", "name": "Comodoro Arturo Merino Benítez International Airport", "country_code": "CL", "status": "Been", "favorite": false, "also_wishlist": false, "placesbeen_id": 187902}}, {"type": "Feature", "geometry": {"type": "Point", "coordinates": [-74.1469, 4.70159]}, "properties": {"layer": "Airports", "type": "Large airport", "name": "El Dorado International Airport", "country_code": "CO", "status": "Been", "favorite": false, "also_wishlist": false, "placesbeen_id": 187840}}, {"type": "Feature", "geometry": {"type": "Point", "coordinates": [33.624900817871, 34.8750991821289]}, "properties": {"layer": "Airports", "type": "Large airport", "name": "Larnaca International Airport", "country_code": "CY", "status": "Been", "favorite": false, "also_wishlist": false, "placesbeen_id": 188014}}, {"type": "Feature", "geometry": {"type": "Point", "coordinates": [14.26, 50.1008]}, "properties": {"layer": "Airports", "type": "Large airport", "name": "Václav Havel Airport Prague", "country_code": "CZ", "status": "Been", "favorite": false, "also_wishlist": false, "placesbeen_id": 187906}}, {"type": "Feature", "geometry": {"type": "Point", "coordinates": [13.2877, 52.5597]}, "properties": {"layer": "Airports", "type": "Large airport", "name": "Berlin-Tegel Airport", "country_code": "DE", "status": "Been", "favorite": false, "also_wishlist": false, "placesbeen_id": 187876}}, {"type": "Feature", "geometry": {"type": "Point", "coordinates": [8.570556, 50.033333]}, "properties": {"layer": "Airports", "type": "Large airport", "name": "Frankfurt am Main Airport", "country_code": "DE", "status": "Been", "favorite": false, "also_wishlist": false, "placesbeen_id": 187775}}, {"type": "Feature", "geometry": {"type": "Point", "coordinates": [9.9882297515869, 53.630401611328]}, "properties": {"layer": "Airports", "type": "Large airport", "name": "Hamburg Airport", "country_code": "DE", "status": "Been", "favorite": false, "also_wishlist": false, "placesbeen_id": 187903}}, {"type": "Feature", "geometry": {"type": "Point", "coordinates": [11.7861, 48.353802]}, "properties": {"layer": "Airports", "type": "Large airport", "name": "Munich Airport", "country_code": "DE", "status": "Been", "favorite": false, "also_wishlist": false, "placesbeen_id": 187799}}, {"type": "Feature", "geometry": {"type": "Point", "coordinates": [12.656000137329, 55.617900848389]}, "properties": {"layer": "Airports", "type": "Large airport", "name": "Copenhagen Kastrup Airport", "country_code": "DK", "status": "Been", "favorite": false, "also_wishlist": false, "placesbeen_id": 187830}}, {"type": "Feature", "geometry": {"type": "Point", "coordinates": [-68.3634033203, 18.5673999785999]}, "properties": {"layer": "Airports", "type": "Large airport", "name": "Punta Cana International Airport", "country_code": "DO", "status": "Been", "favorite": false, "also_wishlist": false, "placesbeen_id": 188188}}, {"type": "Feature", "geometry": {"type": "Point", "coordinates": [-78.3575, -0.129166666667]}, "properties": {"layer": "Airports", "type": "Large airport", "name": "Mariscal Sucre International Airport", "country_code": "EC", "status": "Been", "favorite": false, "also_wishlist": false, "placesbeen_id": 188070}}, {"type": "Feature", "geometry": {"type": "Point", "coordinates": [31.4055995941162, 30.1219005584716]}, "properties": {"layer": "Airports", "type": "Large airport", "name": "Cairo International Airport", "country_code": "EG", "status": "Been", "favorite": false, "also_wishlist": false, "placesbeen_id": 187911}}, {"type": "Feature", "geometry": {"type": "Point", "coordinates": [32.7066, 25.671]}, "properties": {"layer": "Airports", "type": "Large airport", "name": "Luxor International Airport", "country_code": "EG", "status": "Been", "favorite": false, "also_wishlist": false, "placesbeen_id": 188760}}, {"type": "Feature", "geometry": {"type": "Point", "coordinates": [-16.5725002289, 28.044500351]}, "properties": {"layer": "Airports", "type": "Large airport", "name": "Tenerife South Airport", "country_code": "ES", "status": "Been", "favorite": false, "also_wishlist": false, "placesbeen_id": 187956}}, {"type": "Feature", "geometry": {"type": "Point", "coordinates": [24.963300704956, 60.317199707031]}, "properties": {"layer": "Airports", "type": "Large airport", "name": "Helsinki Vantaa Airport", "country_code": "FI", "status": "Been", "favorite": false, "also_wishlist": false, "placesbeen_id": 187881}}, {"type": "Feature", "geometry": {"type": "Point", "coordinates": [2.55, 49.012798]}, "properties": {"layer": "Airports", "type": "Large airport", "name": "Charles de Gaulle International Airport", "country_code": "FR", "status": "Been", "favorite": false, "also_wishlist": false, "placesbeen_id": 187771}}, {"type": "Feature", "geometry": {"type": "Point", "coordinates": [7.21586990356, 43.6584014893]}, "properties": {"layer": "Airports", "type": "Large airport", "name": "Nice-Côte d'Azur Airport", "country_code": "FR", "status": "Been", "favorite": false, "also_wishlist": false, "placesbeen_id": 187926}}, {"type": "Feature", "geometry": {"type": "Point", "coordinates": [-0.190278, 51.148102]}, "properties": {"layer": "Airports", "type": "Large airport", "name": "London Gatwick Airport", "country_code": "GB", "status": "Been", "favorite": false, "also_wishlist": false, "placesbeen_id": 187800}}, {"type": "Feature", "geometry": {"type": "Point", "coordinates": [-0.461941, 51.4706]}, "properties": {"layer": "Airports", "type": "Large airport", "name": "London Heathrow Airport", "country_code": "GB", "status": "Been", "favorite": false, "also_wishlist": false, "placesbeen_id": 187768}}, {"type": "Feature", "geometry": {"type": "Point", "coordinates": [0.234999999404, 51.8849983215]}, "properties": {"layer": "Airports", "type": "Large airport", "name": "London Stansted Airport", "country_code": "GB", "status": "Been", "favorite": false, "also_wishlist": false, "placesbeen_id": 187841}}, {"type": "Feature", "geometry": {"type": "Point", "coordinates": [-0.16678600013256, 5.60518980026245]}, "properties": {"layer": "Airports", "type": "Large airport", "name": "Kotoka International Airport", "country_code": "GH", "status": "Been", "favorite": false, "also_wishlist": false, "placesbeen_id": 188467}}, {"type": "Feature", "geometry": {"type": "Point", "coordinates": [23.9444999695, 37.9364013672]}, "properties": {"layer": "Airports", "type": "Large airport", "name": "Eleftherios Venizelos International Airport", "country_code": "GR", "status": "Been", "favorite": false, "also_wishlist": false, "placesbeen_id": 187861}}, {"type": "Feature", "geometry": {"type": "Point", "coordinates": [113.915001, 22.308901]}, "properties": {"layer": "Airports", "type": "Large airport", "name": "Hong Kong International Airport", "country_code": "HK", "status": "Been", "favorite": false, "also_wishlist": false, "placesbeen_id": 187769}}, {"type": "Feature", "geometry": {"type": "Point", "coordinates": [16.0687999725, 45.7429008484]}, "properties": {"layer": "Airports", "type": "Large airport", "name": "Zagreb Airport", "country_code": "HR", "status": "Been", "favorite": false, "also_wishlist": false, "placesbeen_id": 188179}}, {"type": "Feature", "geometry": {"type": "Point", "coordinates": [115.16699981689, -8.7481698989868]}, "properties": {"layer": "Airports", "type": "Large airport", "name": "Ngurah Rai (Bali) International Airport", "country_code": "ID", "status": "Been", "favorite": false, "also_wishlist": false, "placesbeen_id": 187865}}, {"type": "Feature", "geometry": {"type": "Point", "coordinates": [-6.27007, 53.421299]}, "properties": {"layer": "Airports", "type": "Large airport", "name": "Dublin Airport", "country_code": "IE", "status": "Been", "favorite": false, "also_wishlist": false, "placesbeen_id": 187827}}, {"type": "Feature", "geometry": {"type": "Point", "coordinates": [139.779999, 35.552299]}, "properties": {"layer": "Airports", "type": "Large airport", "name": "Tokyo Haneda International Airport", "country_code": "JP", "status": "Been", "favorite": false, "also_wishlist": false, "placesbeen_id": 187766}}, {"type": "Feature", "geometry": {"type": "Point", "coordinates": [104.844001770019, 11.5466003417968]}, "properties": {"layer": "Airports", "type": "Large airport", "name": "Phnom Penh International Airport", "country_code": "KH", "status": "Been", "favorite": false, "also_wishlist": false, "placesbeen_id": 188173}}, {"type": "Feature", "geometry": {"type": "Point", "coordinates": [103.81300354, 13.4106998444]}, "properties": {"layer": "Airports", "type": "Large airport", "name": "Siem Reap International Airport", "country_code": "KH", "status": "Been", "favorite": false, "also_wishlist": false, "placesbeen_id": 188168}}, {"type": "Feature", "geometry": {"type": "Point", "coordinates": [77.0404968261718, 43.3521003723144]}, "properties": {"layer": "Airports", "type": "Large airport", "name": "Almaty Airport", "country_code": "KZ", "status": "Been", "favorite": false, "also_wishlist": false, "placesbeen_id": 188073}}, {"type": "Feature", "geometry": {"type": "Point", "coordinates": [23.9710998535156, 56.923599243164]}, "properties": {"layer": "Airports", "type": "Large airport", "name": "Riga International Airport", "country_code": "LV", "status": "Been", "favorite": false, "also_wishlist": false, "placesbeen_id": 188031}}, {"type": "Feature", "geometry": {"type": "Point", "coordinates": [19.2519, 42.359402]}, "properties": {"layer": "Airports", "type": "Large airport", "name": "Podgorica Airport", "country_code": "ME", "status": "Been", "favorite": false, "also_wishlist": false, "placesbeen_id": 188529}}, {"type": "Feature", "geometry": {"type": "Point", "coordinates": [14.4775, 35.857498]}, "properties": {"layer": "Airports", "type": "Large airport", "name": "Malta International Airport", "country_code": "MT", "status": "Been", "favorite": false, "also_wishlist": false, "placesbeen_id": 188037}}, {"type": "Feature", "geometry": {"type": "Point", "coordinates": [-99.072098, 19.4363]}, "properties": {"layer": "Airports", "type": "Large airport", "name": "Licenciado Benito Juarez International Airport", "country_code": "MX", "status": "Been", "favorite": false, "also_wishlist": false, "placesbeen_id": 187794}}, {"type": "Feature", "geometry": {"type": "Point", "coordinates": [-109.721000671386, 23.1518001556396]}, "properties": {"layer": "Airports", "type": "Large airport", "name": "Los Cabos International Airport", "country_code": "MX", "status": "Been", "favorite": false, "also_wishlist": false, "placesbeen_id": 188091}}, {"type": "Feature", "geometry": {"type": "Point", "coordinates": [4.76389, 52.308601]}, "properties": {"layer": "Airports", "type": "Large airport", "name": "Amsterdam Airport Schiphol", "country_code": "NL", "status": "Been", "favorite": false, "also_wishlist": false, "placesbeen_id": 187772}}, {"type": "Feature", "geometry": {"type": "Point", "coordinates": [11.100399971008, 60.193901062012]}, "properties": {"layer": "Airports", "type": "Large airport", "name": "Oslo Gardermoen Airport", "country_code": "NO", "status": "Been", "favorite": false, "also_wishlist": false, "placesbeen_id": 187838}}, {"type": "Feature", "geometry": {"type": "Point", "coordinates": [85.3591, 27.6966]}, "properties": {"layer": "Airports", "type": "Large airport", "name": "Tribhuvan International Airport", "country_code": "NP", "status": "Been", "favorite": false, "also_wishlist": false, "placesbeen_id": 188187}}, {"type": "Feature", "geometry": {"type": "Point", "coordinates": [174.792007446, -37.0080986022999]}, "properties": {"layer": "Airports", "type": "Large airport", "name": "Auckland International Airport", "country_code": "NZ", "status": "Been", "favorite": false, "also_wishlist": false, "placesbeen_id": 187884}}, {"type": "Feature", "geometry": {"type": "Point", "coordinates": [172.531997680664, -43.4893989562988]}, "properties": {"layer": "Airports", "type": "Large airport", "name": "Christchurch International Airport", "country_code": "NZ", "status": "Been", "favorite": false, "also_wishlist": false, "placesbeen_id": 188035}}, {"type": "Feature", "geometry": {"type": "Point", "coordinates": [58.2844009399414, 23.5932998657226]}, "properties": {"layer": "Airports", "type": "Large airport", "name": "Muscat International Airport", "country_code": "OM", "status": "Been", "favorite": false, "also_wishlist": false, "placesbeen_id": 187945}}, {"type": "Feature", "geometry": {"type": "Point", "coordinates": [-79.3834991455, 9.0713596344]}, "properties": {"layer": "Airports", "type": "Large airport", "name": "Tocumen International Airport", "country_code": "PA", "status": "Been", "favorite": false, "also_wishlist": false, "placesbeen_id": 187917}}, {"type": "Feature", "geometry": {"type": "Point", "coordinates": [-77.114305, -12.0219]}, "properties": {"layer": "Airports", "type": "Large airport", "name": "Jorge Chávez International Airport", "country_code": "PE", "status": "Been", "favorite": false, "also_wishlist": false, "placesbeen_id": 187879}}, {"type": "Feature", "geometry": {"type": "Point", "coordinates": [18.4661998748779, 54.3776016235351]}, "properties": {"layer": "Airports", "type": "Large airport", "name": "Gdańsk Lech Wałęsa Airport", "country_code": "PL", "status": "Been", "favorite": false, "also_wishlist": false, "placesbeen_id": 188096}}, {"type": "Feature", "geometry": {"type": "Point", "coordinates": [20.9671001433999, 52.1656990051]}, "properties": {"layer": "Airports", "type": "Large airport", "name": "Warsaw Chopin Airport", "country_code": "PL", "status": "Been", "favorite": false, "also_wishlist": false, "placesbeen_id": 187898}}, {"type": "Feature", "geometry": {"type": "Point", "coordinates": [-9.13592, 38.7813]}, "properties": {"layer": "Airports", "type": "Large airport", "name": "Humberto Delgado Airport (Lisbon Portela Airport)", "country_code": "PT", "status": "Been", "favorite": false, "also_wishlist": false, "placesbeen_id": 187835}}, {"type": "Feature", "geometry": {"type": "Point", "coordinates": [51.608056, 25.273056]}, "properties": {"layer": "Airports", "type": "Large airport", "name": "Hamad International Airport", "country_code": "QA", "status": "Been", "favorite": false, "also_wishlist": false, "placesbeen_id": 187821}}, {"type": "Feature", "geometry": {"type": "Point", "coordinates": [20.3090991974, 44.8184013367]}, "properties": {"layer": "Airports", "type": "Large airport", "name": "Belgrade Nikola Tesla Airport", "country_code": "RS", "status": "Been", "favorite": false, "also_wishlist": false, "placesbeen_id": 188075}}, {"type": "Feature", "geometry": {"type": "Point", "coordinates": [17.918600082397, 59.651901245117]}, "properties": {"layer": "Airports", "type": "Large airport", "name": "Stockholm-Arlanda Airport", "country_code": "SE", "status": "Been", "favorite": false, "also_wishlist": false, "placesbeen_id": 187845}}, {"type": "Feature", "geometry": {"type": "Point", "coordinates": [103.994003, 1.35019]}, "properties": {"layer": "Airports", "type": "Large airport", "name": "Singapore Changi Airport", "country_code": "SG", "status": "Been", "favorite": false, "also_wishlist": false, "placesbeen_id": 187780}}, {"type": "Feature", "geometry": {"type": "Point", "coordinates": [14.4576, 46.223701]}, "properties": {"layer": "Airports", "type": "Large airport", "name": "Ljubljana Jože Pučnik Airport", "country_code": "SI", "status": "Been", "favorite": false, "also_wishlist": false, "placesbeen_id": 188383}}, {"type": "Feature", "geometry": {"type": "Point", "coordinates": [-89.055702, 13.4409]}, "properties": {"layer": "Airports", "type": "Large airport", "name": "Monseñor Óscar Arnulfo Romero International Airport", "country_code": "SV", "status": "Been", "favorite": false, "also_wishlist": false, "placesbeen_id": 188212}}, {"type": "Feature", "geometry": {"type": "Point", "coordinates": [100.607002258, 13.9125995636]}, "properties": {"layer": "Airports", "type": "Large airport", "name": "Don Mueang International Airport", "country_code": "TH", "status": "Been", "favorite": false, "also_wishlist": false, "placesbeen_id": 187815}}, {"type": "Feature", "geometry": {"type": "Point", "coordinates": [98.316902, 8.1132]}, "properties": {"layer": "Airports", "type": "Large airport", "name": "Phuket International Airport", "country_code": "TH", "status": "Been", "favorite": false, "also_wishlist": false, "placesbeen_id": 187896}}, {"type": "Feature", "geometry": {"type": "Point", "coordinates": [28.751944, 41.275278]}, "properties": {"layer": "Airports", "type": "Large airport", "name": "Istanbul Airport", "country_code": "TR", "status": "Been", "favorite": false, "also_wishlist": false, "placesbeen_id": 187778}}, {"type": "Feature", "geometry": {"type": "Point", "coordinates": [39.202599, -6.87811]}, "properties": {"layer": "Airports", "type": "Large airport", "name": "Julius Nyerere International Airport", "country_code": "TZ", "status": "Been", "favorite": false, "also_wishlist": false, "placesbeen_id": 188465}}, {"type": "Feature", "geometry": {"type": "Point", "coordinates": [-106.609001, 35.040199]}, "properties": {"layer": "Airports", "type": "Large airport", "name": "Albuquerque International Sunport", "country_code": "US", "status": "Been", "favorite": false, "also_wishlist": false, "placesbeen_id": 188097}}, {"type": "Feature", "geometry": {"type": "Point", "coordinates": [-76.668297, 39.1754]}, "properties": {"layer": "Airports", "type": "Large airport", "name": "Baltimore/Washington International Thurgood Marshall Airport", "country_code": "US", "status": "Been", "favorite": false, "also_wishlist": false, "placesbeen_id": 187848}}, {"type": "Feature", "geometry": {"type": "Point", "coordinates": [-80.9430999755859, 35.2140007019043]}, "properties": {"layer": "Airports", "type": "Large airport", "name": "Charlotte Douglas International Airport", "country_code": "US", "status": "Been", "favorite": false, "also_wishlist": false, "placesbeen_id": 187798}}, {"type": "Feature", "geometry": {"type": "Point", "coordinates": [-87.9048, 41.9786]}, "properties": {"layer": "Airports", "type": "Large airport", "name": "Chicago O'Hare International Airport", "country_code": "US", "status": "Been", "favorite": false, "also_wishlist": false, "placesbeen_id": 187767}}, {"type": "Feature", "geometry": {"type": "Point", "coordinates": [-84.6678009033, 39.0488014221]}, "properties": {"layer": "Airports", "type": "Large airport", "name": "Cincinnati Northern Kentucky International Airport", "country_code": "US", "status": "Been", "favorite": false, "also_wishlist": false, "placesbeen_id": 188010}}, {"type": "Feature", "geometry": {"type": "Point", "coordinates": [-81.8498001099, 41.4117012024]}, "properties": {"layer": "Airports", "type": "Large airport", "name": "Cleveland Hopkins International Airport", "country_code": "US", "status": "Been", "favorite": false, "also_wishlist": false, "placesbeen_id": 187983}}, {"type": "Feature", "geometry": {"type": "Point", "coordinates": [-97.038002, 32.896801]}, "properties": {"layer": "Airports", "type": "Large airport", "name": "Dallas Fort Worth International Airport", "country_code": "US", "status": "Been", "favorite": false, "also_wishlist": false, "placesbeen_id": 187776}}, {"type": "Feature", "geometry": {"type": "Point", "coordinates": [-104.672996521, 39.861698150635]}, "properties": {"layer": "Airports", "type": "Large airport", "name": "Denver International Airport", "country_code": "US", "status": "Been", "favorite": false, "also_wishlist": false, "placesbeen_id": 187781}}, {"type": "Feature", "geometry": {"type": "Point", "coordinates": [-83.353401184082, 42.2123985290527]}, "properties": {"layer": "Airports", "type": "Large airport", "name": "Detroit Metropolitan Wayne County Airport", "country_code": "US", "status": "Been", "favorite": false, "also_wishlist": false, "placesbeen_id": 187822}}, {"type": "Feature", "geometry": {"type": "Point", "coordinates": [-84.428101, 33.6367]}, "properties": {"layer": "Airports", "type": "Large airport", "name": "Hartsfield Jackson Atlanta International Airport", "country_code": "US", "status": "Been", "favorite": false, "also_wishlist": false, "placesbeen_id": 187762}}, {"type": "Feature", "geometry": {"type": "Point", "coordinates": [-86.294403, 39.7173]}, "properties": {"layer": "Airports", "type": "Large airport", "name": "Indianapolis International Airport", "country_code": "US", "status": "Been", "favorite": false, "also_wishlist": false, "placesbeen_id": 187990}}, {"type": "Feature", "geometry": {"type": "Point", "coordinates": [-73.77890015, 40.63980103]}, "properties": {"layer": "Airports", "type": "Large airport", "name": "John F Kennedy International Airport", "country_code": "US", "status": "Been", "favorite": false, "also_wishlist": false, "placesbeen_id": 187783}}, {"type": "Feature", "geometry": {"type": "Point", "coordinates": [-73.87259674, 40.77719879]}, "properties": {"layer": "Airports", "type": "Large airport", "name": "La Guardia Airport", "country_code": "US", "status": "Been", "favorite": false, "also_wishlist": false, "placesbeen_id": 187833}}, {"type": "Feature", "geometry": {"type": "Point", "coordinates": [-118.4079971, 33.94250107]}, "properties": {"layer": "Airports", "type": "Large airport", "name": "Los Angeles International Airport", "country_code": "US", "status": "Been", "favorite": false, "also_wishlist": false, "placesbeen_id": 187765}}, {"type": "Feature", "geometry": {"type": "Point", "coordinates": [-115.1520004, 36.08010101]}, "properties": {"layer": "Airports", "type": "Large airport", "name": "McCarran International Airport", "country_code": "US", "status": "Been", "favorite": false, "also_wishlist": false, "placesbeen_id": 187791}}, {"type": "Feature", "geometry": {"type": "Point", "coordinates": [-89.9766998291015, 35.0424003601074]}, "properties": {"layer": "Airports", "type": "Large airport", "name": "Memphis International Airport", "country_code": "US", "status": "Been", "favorite": false, "also_wishlist": false, "placesbeen_id": 188134}}, {"type": "Feature", "geometry": {"type": "Point", "coordinates": [-80.2906036376953, 25.7931995391845]}, "properties": {"layer": "Airports", "type": "Large airport", "name": "Miami International Airport", "country_code": "US", "status": "Been", "favorite": false, "also_wishlist": false, "placesbeen_id": 187804}}, {"type": "Feature", "geometry": {"type": "Point", "coordinates": [-93.221802, 44.882]}, "properties": {"layer": "Airports", "type": "Large airport", "name": "Minneapolis-St Paul International/Wold-Chamberlain Airport", "country_code": "US", "status": "Been", "favorite": false, "also_wishlist": false, "placesbeen_id": 187819}}, {"type": "Feature", "geometry": {"type": "Point", "coordinates": [-75.241096496582, 39.871898651123]}, "properties": {"layer": "Airports", "type": "Large airport", "name": "Philadelphia International Airport", "country_code": "US", "status": "Been", "favorite": false, "also_wishlist": false, "placesbeen_id": 187831}}, {"type": "Feature", "geometry": {"type": "Point", "coordinates": [-112.012001037597, 33.4342994689941]}, "properties": {"layer": "Airports", "type": "Large airport", "name": "Phoenix Sky Harbor International Airport", "country_code": "US", "status": "Been", "favorite": false, "also_wishlist": false, "placesbeen_id": 187805}}, {"type": "Feature", "geometry": {"type": "Point", "coordinates": [-122.5979996, 45.58869934]}, "properties": {"layer": "Airports", "type": "Large airport", "name": "Portland International Airport", "country_code": "US", "status": "Been", "favorite": false, "also_wishlist": false, "placesbeen_id": 187891}}, {"type": "Feature", "geometry": {"type": "Point", "coordinates": [-77.037697, 38.8521]}, "properties": {"layer": "Airports", "type": "Large airport", "name": "Ronald Reagan Washington National Airport", "country_code": "US", "status": "Been", "favorite": false, "also_wishlist": false, "placesbeen_id": 187864}}, {"type": "Feature", "geometry": {"type": "Point", "coordinates": [-111.977996826171, 40.7883987426757]}, "properties": {"layer": "Airports", "type": "Large airport", "name": "Salt Lake City International Airport", "country_code": "US", "status": "Been", "favorite": false, "also_wishlist": false, "placesbeen_id": 187860}}, {"type": "Feature", "geometry": {"type": "Point", "coordinates": [-117.190002441, 32.7336006165]}, "properties": {"layer": "Airports", "type": "Large airport", "name": "San Diego International Airport", "country_code": "US", "status": "Been", "favorite": false, "also_wishlist": false, "placesbeen_id": 187875}}, {"type": "Feature", "geometry": {"type": "Point", "coordinates": [-122.375, 37.6189994812011]}, "properties": {"layer": "Airports", "type": "Large airport", "name": "San Francisco International Airport", "country_code": "US", "status": "Been", "favorite": false, "also_wishlist": false, "placesbeen_id": 187786}}, {"type": "Feature", "geometry": {"type": "Point", "coordinates": [-122.308998, 47.449001]}, "properties": {"layer": "Airports", "type": "Large airport", "name": "Seattle Tacoma International Airport", "country_code": "US", "status": "Been", "favorite": false, "also_wishlist": false, "placesbeen_id": 187790}}, {"type": "Feature", "geometry": {"type": "Point", "coordinates": [-77.45580292, 38.94449997]}, "properties": {"layer": "Airports", "type": "Large airport", "name": "Washington Dulles International Airport", "country_code": "US", "status": "Been", "favorite": false, "also_wishlist": false, "placesbeen_id": 187873}}, {"type": "Feature", "geometry": {"type": "Point", "coordinates": [106.652000427, 10.8187999725]}, "properties": {"layer": "Airports", "type": "Large airport", "name": "Tan Son Nhat International Airport", "country_code": "VN", "status": "Been", "favorite": false, "also_wishlist": false, "placesbeen_id": 187816}}, {"type": "Feature", "geometry": {"type": "Point", "coordinates": [18.6016998291, -33.9648017883]}, "properties": {"layer": "Airports", "type": "Large airport", "name": "Cape Town International Airport", "country_code": "ZA", "status": "Been", "favorite": false, "also_wishlist": false, "placesbeen_id": 187966}}, {"type": "Feature", "geometry": {"type": "Point", "coordinates": [28.246, -26.1392]}, "properties": {"layer": "Airports", "type": "Large airport", "name": "O R Tambo International", "country_code": "ZA", "status": "Been", "favorite": false, "also_wishlist": false, "placesbeen_id": 187880}}, {"type": "Feature", "geometry": {"type": "Point", "coordinates": [-54.4734, -25.737301]}, "properties": {"layer": "Airports", "type": "Medium airport", "name": "Cataratas Del Iguazú International Airport", "country_code": "AR", "status": "Been", "favorite": false, "also_wishlist": false, "placesbeen_id": 188678}}, {"type": "Feature", "geometry": {"type": "Point", "coordinates": [-58.4156, -34.5592]}, "properties": {"layer": "Airports", "type": "Medium airport", "name": "Jorge Newbery Airpark", "country_code": "AR", "status": "Been", "favorite": false, "also_wishlist": false, "placesbeen_id": 187927}}, {"type": "Feature", "geometry": {"type": "Point", "coordinates": [-68.2958, -54.8433]}, "properties": {"layer": "Airports", "type": "Medium airport", "name": "Malvinas Argentinas Airport", "country_code": "AR", "status": "Been", "favorite": false, "also_wishlist": false, "placesbeen_id": 188725}}, {"type": "Feature", "geometry": {"type": "Point", "coordinates": [-70.015198, 12.5014]}, "properties": {"layer": "Airports", "type": "Medium airport", "name": "Queen Beatrix International Airport", "country_code": "AW", "status": "Been", "favorite": false, "also_wishlist": false, "placesbeen_id": 188327}}, {"type": "Feature", "geometry": {"type": "Point", "coordinates": [-68.1922988891601, -16.5132999420166]}, "properties": {"layer": "Airports", "type": "Medium airport", "name": "El Alto International Airport", "country_code": "BO", "status": "Been", "favorite": false, "also_wishlist": false, "placesbeen_id": 188387}}, {"type": "Feature", "geometry": {"type": "Point", "coordinates": [-39.080898, -16.438601]}, "properties": {"layer": "Airports", "type": "Medium airport", "name": "Porto Seguro Airport", "country_code": "BR", "status": "Been", "favorite": false, "also_wishlist": false, "placesbeen_id": 190862}}, {"type": "Feature", "geometry": {"type": "Point", "coordinates": [-47.1344985962, -23.0074005127]}, "properties": {"layer": "Airports", "type": "Medium airport", "name": "Viracopos International Airport", "country_code": "BR", "status": "Been", "favorite": false, "also_wishlist": false, "placesbeen_id": 187979}}, {"type": "Feature", "geometry": {"type": "Point", "coordinates": [-84.2088012695312, 9.99386024475097]}, "properties": {"layer": "Airports", "type": "Medium airport", "name": "Juan Santamaria International Airport", "country_code": "CR", "status": "Been", "favorite": false, "also_wishlist": false, "placesbeen_id": 188050}}, {"type": "Feature", "geometry": {"type": "Point", "coordinates": [-68.959801, 12.1889]}, "properties": {"layer": "Airports", "type": "Medium airport", "name": "Hato International Airport", "country_code": "CW", "status": "Been", "favorite": false, "also_wishlist": false, "placesbeen_id": 188374}}, {"type": "Feature", "geometry": {"type": "Point", "coordinates": [32.8199996948, 23.9643993378]}, "properties": {"layer": "Airports", "type": "Medium airport", "name": "Aswan International Airport", "country_code": "EG", "status": "Been", "favorite": false, "also_wishlist": false, "placesbeen_id": 195327}}, {"type": "Feature", "geometry": {"type": "Point", "coordinates": [16.2980003356933, 43.5388984680175]}, "properties": {"layer": "Airports", "type": "Medium airport", "name": "Split Airport", "country_code": "HR", "status": "Been", "favorite": false, "also_wishlist": false, "placesbeen_id": 188195}}, {"type": "Feature", "geometry": {"type": "Point", "coordinates": [-72.2925033569336, 18.579999923706]}, "properties": {"layer": "Airports", "type": "Medium airport", "name": "Toussaint Louverture International Airport", "country_code": "HT", "status": "Been", "favorite": false, "also_wishlist": false, "placesbeen_id": 188449}}, {"type": "Feature", "geometry": {"type": "Point", "coordinates": [-77.9133987426757, 18.5037002563476]}, "properties": {"layer": "Airports", "type": "Medium airport", "name": "Sangster International Airport", "country_code": "JM", "status": "Been", "favorite": false, "also_wishlist": false, "placesbeen_id": 188128}}, {"type": "Feature", "geometry": {"type": "Point", "coordinates": [102.56300354, 17.9883003235]}, "properties": {"layer": "Airports", "type": "Medium airport", "name": "Wattay International Airport", "country_code": "LA", "status": "Been", "favorite": false, "also_wishlist": false, "placesbeen_id": 191269}}, {"type": "Feature", "geometry": {"type": "Point", "coordinates": [27.5524997711181, -29.4622993469238]}, "properties": {"layer": "Airports", "type": "Medium airport", "name": "Moshoeshoe I International Airport", "country_code": "LS", "status": "Been", "favorite": false, "also_wishlist": false, "placesbeen_id": 189616}}, {"type": "Feature", "geometry": {"type": "Point", "coordinates": [21.0939006805419, 55.9732017517089]}, "properties": {"layer": "Airports", "type": "Medium airport", "name": "Palanga International Airport", "country_code": "LT", "status": "Been", "favorite": false, "also_wishlist": false, "placesbeen_id": 195404}}, {"type": "Feature", "geometry": {"type": "Point", "coordinates": [-8.03629970551, 31.6068992614999]}, "properties": {"layer": "Airports", "type": "Medium airport", "name": "Menara Airport", "country_code": "MA", "status": "Been", "favorite": false, "also_wishlist": false, "placesbeen_id": 188150}}, {"type": "Feature", "geometry": {"type": "Point", "coordinates": [-89.657699585, 20.9370002746999]}, "properties": {"layer": "Airports", "type": "Medium airport", "name": "Licenciado Manuel Crescencio Rejon Int Airport", "country_code": "MX", "status": "Been", "favorite": false, "also_wishlist": false, "placesbeen_id": 188272}}, {"type": "Feature", "geometry": {"type": "Point", "coordinates": [17.386699676514, 68.436897277832]}, "properties": {"layer": "Airports", "type": "Medium airport", "name": "Narvik Framnes Airport", "country_code": "NO", "status": "Been", "favorite": false, "also_wishlist": false, "placesbeen_id": 189419}}, {"type": "Feature", "geometry": {"type": "Point", "coordinates": [170.132995605468, -43.7649993896484]}, "properties": {"layer": "Airports", "type": "Medium airport", "name": "Mount Cook Airport", "country_code": "NZ", "status": "Been", "favorite": false, "also_wishlist": false, "placesbeen_id": 190454}}, {"type": "Feature", "geometry": {"type": "Point", "coordinates": [168.738998413, -45.0210990906]}, "properties": {"layer": "Airports", "type": "Medium airport", "name": "Queenstown International Airport", "country_code": "NZ", "status": "Been", "favorite": false, "also_wishlist": false, "placesbeen_id": 188319}}, {"type": "Feature", "geometry": {"type": "Point", "coordinates": [121.552001953125, 25.0694007873535]}, "properties": {"layer": "Airports", "type": "Medium airport", "name": "Taipei Songshan Airport", "country_code": "TW", "status": "Been", "favorite": false, "also_wishlist": false, "placesbeen_id": 188067}}, {"type": "Feature", "geometry": {"type": "Point", "coordinates": [37.0745010376, -3.42940998077]}, "properties": {"layer": "Airports", "type": "Medium airport", "name": "Kilimanjaro International Airport", "country_code": "TZ", "status": "Been", "favorite": false, "also_wishlist": false, "placesbeen_id": 195259}}, {"type": "Feature", "geometry": {"type": "Point", "coordinates": [-89.6668014526, 44.7775993347]}, "properties": {"layer": "Airports", "type": "Medium airport", "name": "Central Wisconsin Airport", "country_code": "US", "status": "Been", "favorite": false, "also_wishlist": false, "placesbeen_id": 195485}}, {"type": "Feature", "geometry": {"type": "Point", "coordinates": [-106.3779984, 31.80719948]}, "properties": {"layer": "Airports", "type": "Medium airport", "name": "El Paso International Airport", "country_code": "US", "status": "Been", "favorite": false, "also_wishlist": false, "placesbeen_id": 188218}}, {"type": "Feature", "geometry": {"type": "Point", "coordinates": [-156.429993, 20.8986]}, "properties": {"layer": "Airports", "type": "Medium airport", "name": "Kahului Airport", "country_code": "US", "status": "Been", "favorite": false, "also_wishlist": false, "placesbeen_id": 188041}}, {"type": "Feature", "geometry": {"type": "Point", "coordinates": [-159.339004516601, 21.9759998321533]}, "properties": {"layer": "Airports", "type": "Medium airport", "name": "Lihue Airport", "country_code": "US", "status": "Been", "favorite": false, "also_wishlist": false, "placesbeen_id": 188221}}, {"type": "Feature", "geometry": {"type": "Point", "coordinates": [-118.1520004, 33.81769943]}, "properties": {"layer": "Airports", "type": "Medium airport", "name": "Long Beach /Daugherty Field/ Airport", "country_code": "US", "status": "Been", "favorite": false, "also_wishlist": false, "placesbeen_id": 188156}}, {"type": "Feature", "geometry": {"type": "Point", "coordinates": [109.219001770019, 11.9982004165649]}, "properties": {"layer": "Airports", "type": "Medium airport", "name": "Cam Ranh Airport", "country_code": "VN", "status": "Been", "favorite": false, "also_wishlist": false, "placesbeen_id": 188101}}, {"type": "Feature", "geometry": {"type": "Point", "coordinates": [103.9931, 10.1698]}, "properties": {"layer": "Airports", "type": "Medium airport", "name": "Phu Quoc International Airport", "country_code": "VN", "status": "Been", "favorite": false, "also_wishlist": false, "placesbeen_id": 188182}}, {"type": "Feature", "geometry": {"type": "Point", "coordinates": [31.544599533081, -24.8180999755859]}, "properties": {"layer": "Airports", "type": "Medium airport", "name": "Malamala Airport", "country_code": "ZA", "status": "Been", "favorite": false, "also_wishlist": false, "placesbeen_id": 189474}}, {"type": "Feature", "geometry": {"type": "Point", "coordinates": [25.8390007019042, -18.0958995819091]}, "properties": {"layer": "Airports", "type": "Medium airport", "name": "Victoria Falls International Airport", "country_code": "ZW", "status": "Been", "favorite": false, "also_wishlist": false, "placesbeen_id": 195655}}, {"type": "Feature", "geometry": {"type": "Point", "coordinates": [-90.2658996582031, -0.453758001327514]}, "properties": {"layer": "Airports", "type": "Small airport", "name": "Seymour Airport", "country_code": "EC", "status": "Been", "favorite": false, "also_wishlist": false, "placesbeen_id": 188652}}, {"type": "Feature", "geometry": {"type": "Point", "coordinates": [86.7296981811523, 27.6868991851806]}, "properties": {"layer": "Airports", "type": "Small airport", "name": "Lukla Airport", "country_code": "NP", "status": "Been", "favorite": false, "also_wishlist": false, "placesbeen_id": 194578}}, {"type": "Feature", "geometry": {"type": "Point", "coordinates": [-79.599602, 8.91479]}, "properties": {"layer": "Airports", "type": "Small airport", "name": "Panama Pacific International Airport", "country_code": "PA", "status": "Been", "favorite": false, "also_wishlist": false, "placesbeen_id": 193571}}, {"type": "Feature", "geometry": {"type": "Point", "coordinates": [1.52109, 42.50779]}, "properties": {"layer": "Cities", "type": "City", "name": "Andorra la Vella", "country_code": "AD", "status": "Been", "favorite": false, "also_wishlist": false, "placesbeen_id": 18471}}, {"type": "Feature", "geometry": {"type": "Point", "coordinates": [54.36667, 24.46667]}, "properties": {"layer": "Cities", "type": "City", "name": "Abu Dhabi", "country_code": "AE", "status": "Been", "favorite": false, "also_wishlist": false, "placesbeen_id": 637}}, {"type": "Feature", "geometry": {"type": "Point", "coordinates": [55.17128, 25.0657]}, "properties": {"layer": "Cities", "type": "City", "name": "Dubai", "country_code": "AE", "status": "Been", "favorite": false, "also_wishlist": false, "placesbeen_id": 312}}, {"type": "Feature", "geometry": {"type": "Point", "coordinates": [19.51258, 42.06828]}, "properties": {"layer": "Cities", "type": "City", "name": "Shkodër", "country_code": "AL", "status": "Been", "favorite": false, "also_wishlist": false, "placesbeen_id": 4864}}, {"type": "Feature", "geometry": {"type": "Point", "coordinates": [-60.633, -62.95]}, "properties": {"layer": "Cities", "type": "City", "name": "Deception Island", "country_code": "AQ", "status": "Been", "favorite": false, "also_wishlist": false, "placesbeen_id": 196317}}, {"type": "Feature", "geometry": {"type": "Point", "coordinates": [-59.92034, -62.59011]}, "properties": {"layer": "Cities", "type": "City", "name": "Half Moon Island", "country_code": "AQ", "status": "Been", "favorite": false, "also_wishlist": false, "placesbeen_id": 196316}}, {"type": "Feature", "geometry": {"type": "Point", "coordinates": [-58.47061, -62.09166]}, "properties": {"layer": "Cities", "type": "City", "name": "Machu Picchu Research Station", "country_code": "AQ", "status": "Been", "favorite": false, "also_wishlist": false, "placesbeen_id": 196320}}, {"type": "Feature", "geometry": {"type": "Point", "coordinates": [166.676, -77.846]}, "properties": {"layer": "Cities", "type": "City", "name": "McMurdo Station", "country_code": "AQ", "status": "Wishlist", "favorite": false, "also_wishlist": true, "placesbeen_id": 95826}}, {"type": "Feature", "geometry": {"type": "Point", "coordinates": [-68.1258, -67.56842]}, "properties": {"layer": "Cities", "type": "City", "name": "Rothera Research Station", "country_code": "AQ", "status": "Been", "favorite": false, "also_wishlist": false, "placesbeen_id": 196314}}, {"type": "Feature", "geometry": {"type": "Point", "coordinates": [-58.37723, -34.61315]}, "properties": {"layer": "Cities", "type": "City", "name": "Buenos Aires", "country_code": "AR", "status": "Been", "favorite": false, "also_wishlist": false, "placesbeen_id": 3}}, {"type": "Feature", "geometry": {"type": "Point", "coordinates": [-72.27682, -50.34075]}, "properties": {"layer": "Cities", "type": "City", "name": "El Calafate", "country_code": "AR", "status": "Been", "favorite": false, "also_wishlist": false, "placesbeen_id": 34982}}, {"type": "Feature", "geometry": {"type": "Point", "coordinates": [-68.82717, -32.89084]}, "properties": {"layer": "Cities", "type": "City", "name": "Mendoza", "country_code": "AR", "status": "Been", "favorite": false, "also_wishlist": false, "placesbeen_id": 402}}, {"type": "Feature", "geometry": {"type": "Point", "coordinates": [-67.70946, -53.78769]}, "properties": {"layer": "Cities", "type": "City", "name": "Río Grande", "country_code": "AR", "status": "Wishlist", "favorite": false, "also_wishlist": true, "placesbeen_id": 8279}}, {"type": "Feature", "geometry": {"type": "Point", "coordinates": [-68.3, -54.8]}, "properties": {"layer": "Cities", "type": "City", "name": "Ushuaia", "country_code": "AR", "status": "Been", "favorite": false, "also_wishlist": true, "placesbeen_id": 7560}}, {"type": "Feature", "geometry": {"type": "Point", "coordinates": [14.48744, 47.48574]}, "properties": {"layer": "Cities", "type": "City", "name": "Trieben", "country_code": "AT", "status": "Been", "favorite": false, "also_wishlist": false, "placesbeen_id": 70154}}, {"type": "Feature", "geometry": {"type": "Point", "coordinates": [153.02809, -27.46794]}, "properties": {"layer": "Cities", "type": "City", "name": "Brisbane", "country_code": "AU", "status": "Been", "favorite": false, "also_wishlist": false, "placesbeen_id": 137}}, {"type": "Feature", "geometry": {"type": "Point", "coordinates": [145.76613, -16.92366]}, "properties": {"layer": "Cities", "type": "City", "name": "Cairns", "country_code": "AU", "status": "Been", "favorite": false, "also_wishlist": false, "placesbeen_id": 2756}}, {"type": "Feature", "geometry": {"type": "Point", "coordinates": [153.11351, -30.29626]}, "properties": {"layer": "Cities", "type": "City", "name": "Coffs Harbour", "country_code": "AU", "status": "Been", "favorite": false, "also_wishlist": false, "placesbeen_id": 15039}}, {"type": "Feature", "geometry": {"type": "Point", "coordinates": [153.43088, -28.00029]}, "properties": {"layer": "Cities", "type": "City", "name": "Gold Coast", "country_code": "AU", "status": "Been", "favorite": false, "also_wishlist": false, "placesbeen_id": 657}}, {"type": "Feature", "geometry": {"type": "Point", "coordinates": [151.77647, -32.92715]}, "properties": {"layer": "Cities", "type": "City", "name": "Newcastle", "country_code": "AU", "status": "Been", "favorite": false, "also_wishlist": false, "placesbeen_id": 1341}}, {"type": "Feature", "geometry": {"type": "Point", "coordinates": [152.90894, -31.43084]}, "properties": {"layer": "Cities", "type": "City", "name": "Port Macquarie", "country_code": "AU", "status": "Been", "favorite": false, "also_wishlist": false, "placesbeen_id": 10203}}, {"type": "Feature", "geometry": {"type": "Point", "coordinates": [151.20732, -33.86785]}, "properties": {"layer": "Cities", "type": "City", "name": "Sydney", "country_code": "AU", "status": "Been", "favorite": false, "also_wishlist": false, "placesbeen_id": 49}}, {"type": "Feature", "geometry": {"type": "Point", "coordinates": [-70.02703, 12.52398]}, "properties": {"layer": "Cities", "type": "City", "name": "Oranjestad", "country_code": "AW", "status": "Been", "favorite": false, "also_wishlist": false, "placesbeen_id": 13505}}, {"type": "Feature", "geometry": {"type": "Point", "coordinates": [-70.00688, 12.5351]}, "properties": {"layer": "Cities", "type": "City", "name": "Paradera", "country_code": "AW", "status": "Been", "favorite": false, "also_wishlist": false, "placesbeen_id": 27059}}, {"type": "Feature", "geometry": {"type": "Point", "coordinates": [-69.98094, 12.50953]}, "properties": {"layer": "Cities", "type": "City", "name": "Santa Cruz", "country_code": "AW", "status": "Been", "favorite": false, "also_wishlist": false, "placesbeen_id": 25819}}, {"type": "Feature", "geometry": {"type": "Point", "coordinates": [17.80806, 43.34333]}, "properties": {"layer": "Cities", "type": "City", "name": "Mostar", "country_code": "BA", "status": "Been", "favorite": false, "also_wishlist": false, "placesbeen_id": 4066}}, {"type": "Feature", "geometry": {"type": "Point", "coordinates": [4.34878, 50.85045]}, "properties": {"layer": "Cities", "type": "City", "name": "Brussels", "country_code": "BE", "status": "Been", "favorite": false, "also_wishlist": false, "placesbeen_id": 349}}, {"type": "Feature", "geometry": {"type": "Point", "coordinates": [23.32415, 42.69751]}, "properties": {"layer": "Cities", "type": "City", "name": "Sofia", "country_code": "BG", "status": "Been", "favorite": false, "also_wishlist": false, "placesbeen_id": 306}}, {"type": "Feature", "geometry": {"type": "Point", "coordinates": [-68.15, -16.5]}, "properties": {"layer": "Cities", "type": "City", "name": "La Paz", "country_code": "BO", "status": "Been", "favorite": false, "also_wishlist": false, "placesbeen_id": 436}}, {"type": "Feature", "geometry": {"type": "Point", "coordinates": [-63.18117, -17.78629]}, "properties": {"layer": "Cities", "type": "City", "name": "Santa Cruz de la Sierra", "country_code": "BO", "status": "Been", "favorite": false, "also_wishlist": false, "placesbeen_id": 240}}, {"type": "Feature", "geometry": {"type": "Point", "coordinates": [-51.37944, -20.89611]}, "properties": {"layer": "Cities", "type": "City", "name": "Andradina", "country_code": "BR", "status": "Been", "favorite": false, "also_wishlist": false, "placesbeen_id": 8324}}, {"type": "Feature", "geometry": {"type": "Point", "coordinates": [-44.31806, -23.00667]}, "properties": {"layer": "Cities", "type": "City", "name": "Angra dos Reis", "country_code": "BR", "status": "Been", "favorite": false, "also_wishlist": false, "placesbeen_id": 2745}}, {"type": "Feature", "geometry": {"type": "Point", "coordinates": [-50.43278, -21.20889]}, "properties": {"layer": "Cities", "type": "City", "name": "Araçatuba", "country_code": "BR", "status": "Been", "favorite": false, "also_wishlist": false, "placesbeen_id": 2475}}, {"type": "Feature", "geometry": {"type": "Point", "coordinates": [-49.06056, -22.31472]}, "properties": {"layer": "Cities", "type": "City", "name": "Bauru", "country_code": "BR", "status": "Been", "favorite": false, "also_wishlist": false, "placesbeen_id": 1220}}, {"type": "Feature", "geometry": {"type": "Point", "coordinates": [-48.50444, -1.45583]}, "properties": {"layer": "Cities", "type": "City", "name": "Belém", "country_code": "BR", "status": "Been", "favorite": false, "also_wishlist": false, "placesbeen_id": 224}}, {"type": "Feature", "geometry": {"type": "Point", "coordinates": [-46.13861, -23.85444]}, "properties": {"layer": "Cities", "type": "City", "name": "Bertioga", "country_code": "BR", "status": "Been", "favorite": false, "also_wishlist": false, "placesbeen_id": 11594}}, {"type": "Feature", "geometry": {"type": "Point", "coordinates": [-54.64639, -20.44278]}, "properties": {"layer": "Cities", "type": "City", "name": "Campo Grande", "country_code": "BR", "status": "Been", "favorite": false, "also_wishlist": false, "placesbeen_id": 500}}, {"type": "Feature", "geometry": {"type": "Point", "coordinates": [-45.59139, -22.73944]}, "properties": {"layer": "Cities", "type": "City", "name": "Campos do Jordão", "country_code": "BR", "status": "Been", "favorite": false, "also_wishlist": false, "placesbeen_id": 8181}}, {"type": "Feature", "geometry": {"type": "Point", "coordinates": [-45.41306, -23.62028]}, "properties": {"layer": "Cities", "type": "City", "name": "Caraguatatuba", "country_code": "BR", "status": "Been", "favorite": false, "also_wishlist": false, "placesbeen_id": 4713}}, {"type": "Feature", "geometry": {"type": "Point", "coordinates": [-55.74972, -15.46056]}, "properties": {"layer": "Cities", "type": "City", "name": "Chapada dos Guimarães", "country_code": "BR", "status": "Been", "favorite": false, "also_wishlist": false, "placesbeen_id": 24828}}, {"type": "Feature", "geometry": {"type": "Point", "coordinates": [-56.09667, -15.59611]}, "properties": {"layer": "Cities", "type": "City", "name": "Cuiabá", "country_code": "BR", "status": "Been", "favorite": false, "also_wishlist": false, "placesbeen_id": 751}}, {"type": "Feature", "geometry": {"type": "Point", "coordinates": [-46.53333, -23.46278]}, "properties": {"layer": "Cities", "type": "City", "name": "Guarulhos", "country_code": "BR", "status": "Been", "favorite": false, "also_wishlist": false, "placesbeen_id": 301}}, {"type": "Feature", "geometry": {"type": "Point", "coordinates": [-45.35806, -23.77806]}, "properties": {"layer": "Cities", "type": "City", "name": "Ilhabela", "country_code": "BR", "status": "Been", "favorite": false, "also_wishlist": false, "placesbeen_id": 12507}}, {"type": "Feature", "geometry": {"type": "Point", "coordinates": [-34.86306, -7.115]}, "properties": {"layer": "Cities", "type": "City", "name": "João Pessoa", "country_code": "BR", "status": "Been", "favorite": false, "also_wishlist": false, "placesbeen_id": 575}}, {"type": "Feature", "geometry": {"type": "Point", "coordinates": [-39.31528, -7.21306]}, "properties": {"layer": "Cities", "type": "City", "name": "Juazeiro do Norte", "country_code": "BR", "status": "Been", "favorite": false, "also_wishlist": false, "placesbeen_id": 1861}}, {"type": "Feature", "geometry": {"type": "Point", "coordinates": [-51.16278, -23.31028]}, "properties": {"layer": "Cities", "type": "City", "name": "Londrina", "country_code": "BR", "status": "Been", "favorite": false, "also_wishlist": false, "placesbeen_id": 839}}, {"type": "Feature", "geometry": {"type": "Point", "coordinates": [-60.025, -3.10194]}, "properties": {"layer": "Cities", "type": "City", "name": "Manaus", "country_code": "BR", "status": "Been", "favorite": false, "also_wishlist": false, "placesbeen_id": 184}}, {"type": "Feature", "geometry": {"type": "Point", "coordinates": [-51.93861, -23.42528]}, "properties": {"layer": "Cities", "type": "City", "name": "Maringá", "country_code": "BR", "status": "Been", "favorite": false, "also_wishlist": false, "placesbeen_id": 1326}}, {"type": "Feature", "geometry": {"type": "Point", "coordinates": [-46.46139, -23.66778]}, "properties": {"layer": "Cities", "type": "City", "name": "Mauá", "country_code": "BR", "status": "Been", "favorite": false, "also_wishlist": false, "placesbeen_id": 1053}}, {"type": "Feature", "geometry": {"type": "Point", "coordinates": [-44.71306, -23.21778]}, "properties": {"layer": "Cities", "type": "City", "name": "Paraty", "country_code": "BR", "status": "Been", "favorite": false, "also_wishlist": false, "placesbeen_id": 23141}}, {"type": "Feature", "geometry": {"type": "Point", "coordinates": [-56.62278, -16.25667]}, "properties": {"layer": "Cities", "type": "City", "name": "Poconé", "country_code": "BR", "status": "Been", "favorite": false, "also_wishlist": false, "placesbeen_id": 17803}}, {"type": "Feature", "geometry": {"type": "Point", "coordinates": [-39.06472, -16.44972]}, "properties": {"layer": "Cities", "type": "City", "name": "Porto Seguro", "country_code": "BR", "status": "Been", "favorite": false, "also_wishlist": false, "placesbeen_id": 3462}}, {"type": "Feature", "geometry": {"type": "Point", "coordinates": [-51.38889, -22.12556]}, "properties": {"layer": "Cities", "type": "City", "name": "Presidente Prudente", "country_code": "BR", "status": "Been", "favorite": false, "also_wishlist": false, "placesbeen_id": 1998}}, {"type": "Feature", "geometry": {"type": "Point", "coordinates": [-43.18223, -22.90642]}, "properties": {"layer": "Cities", "type": "City", "name": "Rio de Janeiro", "country_code": "BR", "status": "Been", "favorite": false, "also_wishlist": false, "placesbeen_id": 39}}, {"type": "Feature", "geometry": {"type": "Point", "coordinates": [-54.63556, -16.47083]}, "properties": {"layer": "Cities", "type": "City", "name": "Rondonópolis", "country_code": "BR", "status": "Been", "favorite": false, "also_wishlist": false, "placesbeen_id": 2761}}, {"type": "Feature", "geometry": {"type": "Point", "coordinates": [-38.51083, -12.97111]}, "properties": {"layer": "Cities", "type": "City", "name": "Salvador", "country_code": "BR", "status": "Been", "favorite": false, "also_wishlist": false, "placesbeen_id": 106}}, {"type": "Feature", "geometry": {"type": "Point", "coordinates": [-46.33361, -23.96083]}, "properties": {"layer": "Cities", "type": "City", "name": "Santos", "country_code": "BR", "status": "Been", "favorite": false, "also_wishlist": false, "placesbeen_id": 982}}, {"type": "Feature", "geometry": {"type": "Point", "coordinates": [-44.30278, -2.52972]}, "properties": {"layer": "Cities", "type": "City", "name": "São Luís", "country_code": "BR", "status": "Been", "favorite": false, "also_wishlist": false, "placesbeen_id": 386}}, {"type": "Feature", "geometry": {"type": "Point", "coordinates": [-46.63611, -23.5475]}, "properties": {"layer": "Cities", "type": "City", "name": "São Paulo", "country_code": "BR", "status": "Been", "favorite": false, "also_wishlist": false, "placesbeen_id": 15}}, {"type": "Feature", "geometry": {"type": "Point", "coordinates": [-47.13528, -23.52917]}, "properties": {"layer": "Cities", "type": "City", "name": "São Roque", "country_code": "BR", "status": "Been", "favorite": false, "also_wishlist": false, "placesbeen_id": 8588}}, {"type": "Feature", "geometry": {"type": "Point", "coordinates": [-45.40972, -23.76]}, "properties": {"layer": "Cities", "type": "City", "name": "São Sebastião", "country_code": "BR", "status": "Been", "favorite": false, "also_wishlist": false, "placesbeen_id": 5659}}, {"type": "Feature", "geometry": {"type": "Point", "coordinates": [-51.70338, -20.78765]}, "properties": {"layer": "Cities", "type": "City", "name": "Três Lagoas", "country_code": "BR", "status": "Been", "favorite": false, "also_wishlist": false, "placesbeen_id": 5481}}, {"type": "Feature", "geometry": {"type": "Point", "coordinates": [-45.07111, -23.43389]}, "properties": {"layer": "Cities", "type": "City", "name": "Ubatuba", "country_code": "BR", "status": "Been", "favorite": false, "also_wishlist": false, "placesbeen_id": 5457}}, {"type": "Feature", "geometry": {"type": "Point", "coordinates": [25.16024, -17.80165]}, "properties": {"layer": "Cities", "type": "City", "name": "Kasane", "country_code": "BW", "status": "Been", "favorite": false, "also_wishlist": false, "placesbeen_id": 32040}}, {"type": "Feature", "geometry": {"type": "Point", "coordinates": [-88.76667, 17.25]}, "properties": {"layer": "Cities", "type": "City", "name": "Belmopan", "country_code": "BZ", "status": "Been", "favorite": false, "also_wishlist": false, "placesbeen_id": 25173}}, {"type": "Feature", "geometry": {"type": "Point", "coordinates": [-114.08529, 51.05011]}, "properties": {"layer": "Cities", "type": "City", "name": "Calgary", "country_code": "CA", "status": "Been", "favorite": false, "also_wishlist": false, "placesbeen_id": 348}}, {"type": "Feature", "geometry": {"type": "Point", "coordinates": [-123.11934, 49.24966]}, "properties": {"layer": "Cities", "type": "City", "name": "Vancouver", "country_code": "CA", "status": "Been", "favorite": false, "also_wishlist": false, "placesbeen_id": 644}}, {"type": "Feature", "geometry": {"type": "Point", "coordinates": [-135.05375, 60.71611]}, "properties": {"layer": "Cities", "type": "City", "name": "Whitehorse", "country_code": "CA", "status": "Been", "favorite": false, "also_wishlist": false, "placesbeen_id": 16681}}, {"type": "Feature", "geometry": {"type": "Point", "coordinates": [6.14569, 46.20222]}, "properties": {"layer": "Cities", "type": "City", "name": "Genève", "country_code": "CH", "status": "Been", "favorite": false, "also_wishlist": false, "placesbeen_id": 2291}}, {"type": "Feature", "geometry": {"type": "Point", "coordinates": [6.63282, 46.516]}, "properties": {"layer": "Cities", "type": "City", "name": "Lausanne", "country_code": "CH", "status": "Been", "favorite": false, "also_wishlist": false, "placesbeen_id": 3663}}, {"type": "Feature", "geometry": {"type": "Point", "coordinates": [7.18729, 45.99249]}, "properties": {"layer": "Cities", "type": "City", "name": "Liddes", "country_code": "CH", "status": "Been", "favorite": false, "also_wishlist": false, "placesbeen_id": 123381}}, {"type": "Feature", "geometry": {"type": "Point", "coordinates": [8.30635, 47.05048]}, "properties": {"layer": "Cities", "type": "City", "name": "Luzern", "country_code": "CH", "status": "Been", "favorite": false, "also_wishlist": false, "placesbeen_id": 7684}}, {"type": "Feature", "geometry": {"type": "Point", "coordinates": [-72.50603, -51.72987]}, "properties": {"layer": "Cities", "type": "City", "name": "Puerto Natales", "country_code": "CL", "status": "Been", "favorite": false, "also_wishlist": false, "placesbeen_id": 18792}}, {"type": "Feature", "geometry": {"type": "Point", "coordinates": [-70.91129, -53.15483]}, "properties": {"layer": "Cities", "type": "City", "name": "Punta Arenas", "country_code": "CL", "status": "Been", "favorite": false, "also_wishlist": false, "placesbeen_id": 3640}}, {"type": "Feature", "geometry": {"type": "Point", "coordinates": [-70.64827, -33.45694]}, "properties": {"layer": "Cities", "type": "City", "name": "Santiago", "country_code": "CL", "status": "Been", "favorite": false, "also_wishlist": false, "placesbeen_id": 47}}, {"type": "Feature", "geometry": {"type": "Point", "coordinates": [-74.08175, 4.60971]}, "properties": {"layer": "Cities", "type": "City", "name": "Bogotá", "country_code": "CO", "status": "Been", "favorite": false, "also_wishlist": false, "placesbeen_id": 26}}, {"type": "Feature", "geometry": {"type": "Point", "coordinates": [-84.62975, 9.61497]}, "properties": {"layer": "Cities", "type": "City", "name": "Jacó", "country_code": "CR", "status": "Been", "favorite": false, "also_wishlist": false, "placesbeen_id": 52046}}, {"type": "Feature", "geometry": {"type": "Point", "coordinates": [-84.08333, 9.93333]}, "properties": {"layer": "Cities", "type": "City", "name": "San José", "country_code": "CR", "status": "Been", "favorite": false, "also_wishlist": false, "placesbeen_id": 1221}}, {"type": "Feature", "geometry": {"type": "Point", "coordinates": [-68.93354, 12.1084]}, "properties": {"layer": "Cities", "type": "City", "name": "Willemstad", "country_code": "CW", "status": "Been", "favorite": false, "also_wishlist": false, "placesbeen_id": 3411}}, {"type": "Feature", "geometry": {"type": "Point", "coordinates": [33.6233, 34.92291]}, "properties": {"layer": "Cities", "type": "City", "name": "Larnaca", "country_code": "CY", "status": "Been", "favorite": false, "also_wishlist": false, "placesbeen_id": 6007}}, {"type": "Feature", "geometry": {"type": "Point", "coordinates": [17.25175, 49.59552]}, "properties": {"layer": "Cities", "type": "City", "name": "Olomouc", "country_code": "CZ", "status": "Been", "favorite": false, "also_wishlist": false, "placesbeen_id": 4185}}, {"type": "Feature", "geometry": {"type": "Point", "coordinates": [14.42076, 50.08804]}, "properties": {"layer": "Cities", "type": "City", "name": "Prague", "country_code": "CZ", "status": "Been", "favorite": false, "also_wishlist": false, "placesbeen_id": 302}}, {"type": "Feature", "geometry": {"type": "Point", "coordinates": [13.41053, 52.52437]}, "properties": {"layer": "Cities", "type": "City", "name": "Berlin", "country_code": "DE", "status": "Been", "favorite": false, "also_wishlist": false, "placesbeen_id": 82}}, {"type": "Feature", "geometry": {"type": "Point", "coordinates": [13.73832, 51.05089]}, "properties": {"layer": "Cities", "type": "City", "name": "Dresden", "country_code": "DE", "status": "Been", "favorite": false, "also_wishlist": false, "placesbeen_id": 808}}, {"type": "Feature", "geometry": {"type": "Point", "coordinates": [6.77616, 51.22172]}, "properties": {"layer": "Cities", "type": "City", "name": "Düsseldorf", "country_code": "DE", "status": "Been", "favorite": false, "also_wishlist": false, "placesbeen_id": 684}}, {"type": "Feature", "geometry": {"type": "Point", "coordinates": [8.68417, 50.11552]}, "properties": {"layer": "Cities", "type": "City", "name": "Frankfurt am Main", "country_code": "DE", "status": "Been", "favorite": false, "also_wishlist": false, "placesbeen_id": 578}}, {"type": "Feature", "geometry": {"type": "Point", "coordinates": [10.01534, 53.57532]}, "properties": {"layer": "Cities", "type": "City", "name": "Hamburg", "country_code": "DE", "status": "Been", "favorite": false, "also_wishlist": false, "placesbeen_id": 168}}, {"type": "Feature", "geometry": {"type": "Point", "coordinates": [9.17582, 47.66033]}, "properties": {"layer": "Cities", "type": "City", "name": "Konstanz", "country_code": "DE", "status": "Been", "favorite": false, "also_wishlist": false, "placesbeen_id": 5305}}, {"type": "Feature", "geometry": {"type": "Point", "coordinates": [11.57549, 48.13743]}, "properties": {"layer": "Cities", "type": "City", "name": "Munich", "country_code": "DE", "status": "Been", "favorite": false, "also_wishlist": false, "placesbeen_id": 271}}, {"type": "Feature", "geometry": {"type": "Point", "coordinates": [9.9187, 57.048]}, "properties": {"layer": "Cities", "type": "City", "name": "Aalborg", "country_code": "DK", "status": "Been", "favorite": false, "also_wishlist": false, "placesbeen_id": 3492}}, {"type": "Feature", "geometry": {"type": "Point", "coordinates": [12.36328, 55.73165]}, "properties": {"layer": "Cities", "type": "City", "name": "Ballerup", "country_code": "DK", "status": "Been", "favorite": false, "also_wishlist": false, "placesbeen_id": 10547}}, {"type": "Feature", "geometry": {"type": "Point", "coordinates": [12.5745, 55.75238]}, "properties": {"layer": "Cities", "type": "City", "name": "Charlottenlund", "country_code": "DK", "status": "Been", "favorite": false, "also_wishlist": false, "placesbeen_id": 10546}}, {"type": "Feature", "geometry": {"type": "Point", "coordinates": [12.56553, 55.67594]}, "properties": {"layer": "Cities", "type": "City", "name": "Copenhagen", "country_code": "DK", "status": "Been", "favorite": false, "also_wishlist": false, "placesbeen_id": 305}}, {"type": "Feature", "geometry": {"type": "Point", "coordinates": [12.67221, 55.5928]}, "properties": {"layer": "Cities", "type": "City", "name": "Dragør", "country_code": "DK", "status": "Been", "favorite": false, "also_wishlist": false, "placesbeen_id": 28639}}, {"type": "Feature", "geometry": {"type": "Point", "coordinates": [8.45187, 55.47028]}, "properties": {"layer": "Cities", "type": "City", "name": "Esbjerg", "country_code": "DK", "status": "Been", "favorite": false, "also_wishlist": false, "placesbeen_id": 5993}}, {"type": "Feature", "geometry": {"type": "Point", "coordinates": [12.6136, 56.03606]}, "properties": {"layer": "Cities", "type": "City", "name": "Helsingør", "country_code": "DK", "status": "Been", "favorite": false, "also_wishlist": false, "placesbeen_id": 11800}}, {"type": "Feature", "geometry": {"type": "Point", "coordinates": [8.97662, 56.13615]}, "properties": {"layer": "Cities", "type": "City", "name": "Herning", "country_code": "DK", "status": "Been", "favorite": false, "also_wishlist": false, "placesbeen_id": 9560}}, {"type": "Feature", "geometry": {"type": "Point", "coordinates": [12.30081, 55.92791]}, "properties": {"layer": "Cities", "type": "City", "name": "Hillerød", "country_code": "DK", "status": "Been", "favorite": false, "also_wishlist": false, "placesbeen_id": 13172}}, {"type": "Feature", "geometry": {"type": "Point", "coordinates": [11.71279, 55.7175]}, "properties": {"layer": "Cities", "type": "City", "name": "Holbæk", "country_code": "DK", "status": "Been", "favorite": false, "also_wishlist": false, "placesbeen_id": 15969}}, {"type": "Feature", "geometry": {"type": "Point", "coordinates": [12.47364, 55.65719]}, "properties": {"layer": "Cities", "type": "City", "name": "Hvidovre", "country_code": "DK", "status": "Been", "favorite": false, "also_wishlist": false, "placesbeen_id": 8770}}, {"type": "Feature", "geometry": {"type": "Point", "coordinates": [12.50111, 55.88098]}, "properties": {"layer": "Cities", "type": "City", "name": "Hørsholm", "country_code": "DK", "status": "Been", "favorite": false, "also_wishlist": false, "placesbeen_id": 11357}}, {"type": "Feature", "geometry": {"type": "Point", "coordinates": [9.47216, 55.4904]}, "properties": {"layer": "Cities", "type": "City", "name": "Kolding", "country_code": "DK", "status": "Been", "favorite": false, "also_wishlist": false, "placesbeen_id": 7912}}, {"type": "Feature", "geometry": {"type": "Point", "coordinates": [12.18214, 55.45802]}, "properties": {"layer": "Cities", "type": "City", "name": "Køge", "country_code": "DK", "status": "Been", "favorite": false, "also_wishlist": false, "placesbeen_id": 12173}}, {"type": "Feature", "geometry": {"type": "Point", "coordinates": [10.78964, 55.31274]}, "properties": {"layer": "Cities", "type": "City", "name": "Nyborg", "country_code": "DK", "status": "Been", "favorite": false, "also_wishlist": false, "placesbeen_id": 22426}}, {"type": "Feature", "geometry": {"type": "Point", "coordinates": [11.76092, 55.22992]}, "properties": {"layer": "Cities", "type": "City", "name": "Næstved", "country_code": "DK", "status": "Been", "favorite": false, "also_wishlist": false, "placesbeen_id": 10396}}, {"type": "Feature", "geometry": {"type": "Point", "coordinates": [10.38831, 55.39594]}, "properties": {"layer": "Cities", "type": "City", "name": "Odense", "country_code": "DK", "status": "Been", "favorite": false, "also_wishlist": false, "placesbeen_id": 2909}}, {"type": "Feature", "geometry": {"type": "Point", "coordinates": [10.03639, 56.4607]}, "properties": {"layer": "Cities", "type": "City", "name": "Randers", "country_code": "DK", "status": "Been", "favorite": false, "also_wishlist": false, "placesbeen_id": 7849}}, {"type": "Feature", "geometry": {"type": "Point", "coordinates": [12.08035, 55.64152]}, "properties": {"layer": "Cities", "type": "City", "name": "Roskilde", "country_code": "DK", "status": "Been", "favorite": false, "also_wishlist": false, "placesbeen_id": 9648}}, {"type": "Feature", "geometry": {"type": "Point", "coordinates": [12.45373, 55.68062]}, "properties": {"layer": "Cities", "type": "City", "name": "Rødovre", "country_code": "DK", "status": "Been", "favorite": false, "also_wishlist": false, "placesbeen_id": 13479}}, {"type": "Feature", "geometry": {"type": "Point", "coordinates": [10.58394, 57.72093]}, "properties": {"layer": "Cities", "type": "City", "name": "Skagen", "country_code": "DK", "status": "Been", "favorite": false, "also_wishlist": false, "placesbeen_id": 31043}}, {"type": "Feature", "geometry": {"type": "Point", "coordinates": [11.96083, 55.75122]}, "properties": {"layer": "Cities", "type": "City", "name": "Skibby", "country_code": "DK", "status": "Been", "favorite": false, "also_wishlist": false, "placesbeen_id": 66463}}, {"type": "Feature", "geometry": {"type": "Point", "coordinates": [12.28461, 54.98704]}, "properties": {"layer": "Cities", "type": "City", "name": "Stege", "country_code": "DK", "status": "Been", "favorite": false, "also_wishlist": false, "placesbeen_id": 53680}}, {"type": "Feature", "geometry": {"type": "Point", "coordinates": [12.3016, 55.65006]}, "properties": {"layer": "Cities", "type": "City", "name": "Taastrup", "country_code": "DK", "status": "Been", "favorite": false, "also_wishlist": false, "placesbeen_id": 13119}}, {"type": "Feature", "geometry": {"type": "Point", "coordinates": [9.5357, 55.70927]}, "properties": {"layer": "Cities", "type": "City", "name": "Vejle", "country_code": "DK", "status": "Been", "favorite": false, "also_wishlist": false, "placesbeen_id": 8505}}, {"type": "Feature", "geometry": {"type": "Point", "coordinates": [9.40201, 56.45319]}, "properties": {"layer": "Cities", "type": "City", "name": "Viborg", "country_code": "DK", "status": "Been", "favorite": false, "also_wishlist": false, "placesbeen_id": 11856}}, {"type": "Feature", "geometry": {"type": "Point", "coordinates": [10.21076, 56.15674]}, "properties": {"layer": "Cities", "type": "City", "name": "Århus", "country_code": "DK", "status": "Been", "favorite": false, "also_wishlist": false, "placesbeen_id": 1753}}, {"type": "Feature", "geometry": {"type": "Point", "coordinates": [-90.3138, -0.74018]}, "properties": {"layer": "Cities", "type": "City", "name": "Puerto Ayora", "country_code": "EC", "status": "Been", "favorite": false, "also_wishlist": false, "placesbeen_id": 32623}}, {"type": "Feature", "geometry": {"type": "Point", "coordinates": [29.91582, 31.20176]}, "properties": {"layer": "Cities", "type": "City", "name": "Alexandria", "country_code": "EG", "status": "Been", "favorite": false, "also_wishlist": false, "placesbeen_id": 61}}, {"type": "Feature", "geometry": {"type": "Point", "coordinates": [32.89942, 24.09082]}, "properties": {"layer": "Cities", "type": "City", "name": "Aswan", "country_code": "EG", "status": "Been", "favorite": false, "also_wishlist": false, "placesbeen_id": 1728}}, {"type": "Feature", "geometry": {"type": "Point", "coordinates": [31.24967, 30.06263]}, "properties": {"layer": "Cities", "type": "City", "name": "Cairo", "country_code": "EG", "status": "Been", "favorite": false, "also_wishlist": false, "placesbeen_id": 25}}, {"type": "Feature", "geometry": {"type": "Point", "coordinates": [31.21093, 30.00808]}, "properties": {"layer": "Cities", "type": "City", "name": "Giza", "country_code": "EG", "status": "Been", "favorite": false, "also_wishlist": false, "placesbeen_id": 121}}, {"type": "Feature", "geometry": {"type": "Point", "coordinates": [32.6421, 25.69893]}, "properties": {"layer": "Cities", "type": "City", "name": "Luxor", "country_code": "EG", "status": "Been", "favorite": false, "also_wishlist": false, "placesbeen_id": 956}}, {"type": "Feature", "geometry": {"type": "Point", "coordinates": [-0.48149, 38.34517]}, "properties": {"layer": "Cities", "type": "City", "name": "Alicante", "country_code": "ES", "status": "Been", "favorite": false, "also_wishlist": false, "placesbeen_id": 1222}}, {"type": "Feature", "geometry": {"type": "Point", "coordinates": [2.15899, 41.38879]}, "properties": {"layer": "Cities", "type": "City", "name": "Barcelona", "country_code": "ES", "status": "Been", "favorite": false, "also_wishlist": false, "placesbeen_id": 176}}, {"type": "Feature", "geometry": {"type": "Point", "coordinates": [-8.6423, 42.60473]}, "properties": {"layer": "Cities", "type": "City", "name": "Caldas de Reis", "country_code": "ES", "status": "Been", "favorite": false, "also_wishlist": false, "placesbeen_id": 30425}}, {"type": "Feature", "geometry": {"type": "Point", "coordinates": [-3.33537, 40.69347]}, "properties": {"layer": "Cities", "type": "City", "name": "Galápagos", "country_code": "ES", "status": "Been", "favorite": false, "also_wishlist": false, "placesbeen_id": 116068}}, {"type": "Feature", "geometry": {"type": "Point", "coordinates": [-3.70256, 40.4165]}, "properties": {"layer": "Cities", "type": "City", "name": "Madrid", "country_code": "ES", "status": "Been", "favorite": false, "also_wishlist": false, "placesbeen_id": 85}}, {"type": "Feature", "geometry": {"type": "Point", "coordinates": [-4.42034, 36.72016]}, "properties": {"layer": "Cities", "type": "City", "name": "Málaga", "country_code": "ES", "status": "Been", "favorite": false, "also_wishlist": false, "placesbeen_id": 691}}, {"type": "Feature", "geometry": {"type": "Point", "coordinates": [-8.66057, 42.73875]}, "properties": {"layer": "Cities", "type": "City", "name": "Padrón", "country_code": "ES", "status": "Been", "favorite": false, "also_wishlist": false, "placesbeen_id": 32494}}, {"type": "Feature", "geometry": {"type": "Point", "coordinates": [-8.64435, 42.431]}, "properties": {"layer": "Cities", "type": "City", "name": "Pontevedra", "country_code": "ES", "status": "Been", "favorite": false, "also_wishlist": false, "placesbeen_id": 5285}}, {"type": "Feature", "geometry": {"type": "Point", "coordinates": [-8.6198, 42.16156]}, "properties": {"layer": "Cities", "type": "City", "name": "Porriño", "country_code": "ES", "status": "Been", "favorite": false, "also_wishlist": false, "placesbeen_id": 20854}}, {"type": "Feature", "geometry": {"type": "Point", "coordinates": [-16.25462, 28.46824]}, "properties": {"layer": "Cities", "type": "City", "name": "Santa Cruz de Tenerife", "country_code": "ES", "status": "Been", "favorite": false, "also_wishlist": false, "placesbeen_id": 1885}}, {"type": "Feature", "geometry": {"type": "Point", "coordinates": [-4.02263, 39.8581]}, "properties": {"layer": "Cities", "type": "City", "name": "Toledo", "country_code": "ES", "status": "Been", "favorite": false, "also_wishlist": false, "placesbeen_id": 5240}}, {"type": "Feature", "geometry": {"type": "Point", "coordinates": [-8.64435, 42.04713]}, "properties": {"layer": "Cities", "type": "City", "name": "Tui", "country_code": "ES", "status": "Been", "favorite": false, "also_wishlist": false, "placesbeen_id": 21044}}, {"type": "Feature", "geometry": {"type": "Point", "coordinates": [-8.72264, 42.23282]}, "properties": {"layer": "Cities", "type": "City", "name": "Vigo", "country_code": "ES", "status": "Been", "favorite": false, "also_wishlist": false, "placesbeen_id": 1399}}, {"type": "Feature", "geometry": {"type": "Point", "coordinates": [24.93545, 60.16952]}, "properties": {"layer": "Cities", "type": "City", "name": "Helsinki", "country_code": "FI", "status": "Been", "favorite": false, "also_wishlist": false, "placesbeen_id": 701}}, {"type": "Feature", "geometry": {"type": "Point", "coordinates": [178.44149, -18.14161]}, "properties": {"layer": "Cities", "type": "City", "name": "Suva", "country_code": "FJ", "status": "Been", "favorite": false, "also_wishlist": false, "placesbeen_id": 5567}}, {"type": "Feature", "geometry": {"type": "Point", "coordinates": [-6.81185, 61.47324]}, "properties": {"layer": "Cities", "type": "City", "name": "Vágur", "country_code": "FO", "status": "Been", "favorite": false, "also_wishlist": false, "placesbeen_id": 86547}}, {"type": "Feature", "geometry": {"type": "Point", "coordinates": [6.76902, 45.61716]}, "properties": {"layer": "Cities", "type": "City", "name": "Bourg-Saint-Maurice", "country_code": "FR", "status": "Been", "favorite": false, "also_wishlist": false, "placesbeen_id": 34699}}, {"type": "Feature", "geometry": {"type": "Point", "coordinates": [7.01275, 43.55135]}, "properties": {"layer": "Cities", "type": "City", "name": "Cannes", "country_code": "FR", "status": "Been", "favorite": false, "also_wishlist": false, "placesbeen_id": 6198}}, {"type": "Feature", "geometry": {"type": "Point", "coordinates": [6.86933, 45.92375]}, "properties": {"layer": "Cities", "type": "City", "name": "Chamonix-Mont-Blanc", "country_code": "FR", "status": "Been", "favorite": false, "also_wishlist": false, "placesbeen_id": 29387}}, {"type": "Feature", "geometry": {"type": "Point", "coordinates": [4.36724, 48.95393]}, "properties": {"layer": "Cities", "type": "City", "name": "Châlons-en-Champagne", "country_code": "FR", "status": "Been", "favorite": false, "also_wishlist": false, "placesbeen_id": 8489}}, {"type": "Feature", "geometry": {"type": "Point", "coordinates": [6.91667, 43.66667]}, "properties": {"layer": "Cities", "type": "City", "name": "Grasse", "country_code": "FR", "status": "Been", "favorite": false, "also_wishlist": false, "placesbeen_id": 9073}}, {"type": "Feature", "geometry": {"type": "Point", "coordinates": [6.72817, 45.82136]}, "properties": {"layer": "Cities", "type": "City", "name": "Les Contamines-Montjoie", "country_code": "FR", "status": "Been", "favorite": false, "also_wishlist": false, "placesbeen_id": 100761}}, {"type": "Feature", "geometry": {"type": "Point", "coordinates": [7.26608, 43.70313]}, "properties": {"layer": "Cities", "type": "City", "name": "Nice", "country_code": "FR", "status": "Been", "favorite": false, "also_wishlist": false, "placesbeen_id": 1208}}, {"type": "Feature", "geometry": {"type": "Point", "coordinates": [2.3488, 48.85341]}, "properties": {"layer": "Cities", "type": "City", "name": "Paris", "country_code": "FR", "status": "Been", "favorite": false, "also_wishlist": false, "placesbeen_id": 139}}, {"type": "Feature", "geometry": {"type": "Point", "coordinates": [4.03333, 49.25]}, "properties": {"layer": "Cities", "type": "City", "name": "Reims", "country_code": "FR", "status": "Been", "favorite": false, "also_wishlist": false, "placesbeen_id": 2150}}, {"type": "Feature", "geometry": {"type": "Point", "coordinates": [6.63981, 43.26932]}, "properties": {"layer": "Cities", "type": "City", "name": "Saint-Tropez", "country_code": "FR", "status": "Been", "favorite": false, "also_wishlist": true, "placesbeen_id": 41790}}, {"type": "Feature", "geometry": {"type": "Point", "coordinates": [-2.36172, 51.3751]}, "properties": {"layer": "Cities", "type": "City", "name": "Bath", "country_code": "GB", "status": "Been", "favorite": false, "also_wishlist": false, "placesbeen_id": 4510}}, {"type": "Feature", "geometry": {"type": "Point", "coordinates": [-5.92541, 54.59682]}, "properties": {"layer": "Cities", "type": "City", "name": "Belfast", "country_code": "GB", "status": "Been", "favorite": false, "also_wishlist": false, "placesbeen_id": 1519}}, {"type": "Feature", "geometry": {"type": "Point", "coordinates": [-5.71529, 54.32814]}, "properties": {"layer": "Cities", "type": "City", "name": "Downpatrick", "country_code": "GB", "status": "Been", "favorite": false, "also_wishlist": false, "placesbeen_id": 29559}}, {"type": "Feature", "geometry": {"type": "Point", "coordinates": [-3.19648, 55.95206]}, "properties": {"layer": "Cities", "type": "City", "name": "Edinburgh", "country_code": "GB", "status": "Been", "favorite": false, "also_wishlist": false, "placesbeen_id": 853}}, {"type": "Feature", "geometry": {"type": "Point", "coordinates": [-4.25763, 55.86515]}, "properties": {"layer": "Cities", "type": "City", "name": "Glasgow", "country_code": "GB", "status": "Been", "favorite": false, "also_wishlist": false, "placesbeen_id": 656}}, {"type": "Feature", "geometry": {"type": "Point", "coordinates": [-4.22398, 57.47908]}, "properties": {"layer": "Cities", "type": "City", "name": "Inverness", "country_code": "GB", "status": "Been", "favorite": false, "also_wishlist": false, "placesbeen_id": 9206}}, {"type": "Feature", "geometry": {"type": "Point", "coordinates": [-2.97794, 53.41058]}, "properties": {"layer": "Cities", "type": "City", "name": "Liverpool", "country_code": "GB", "status": "Been", "favorite": false, "also_wishlist": false, "placesbeen_id": 412}}, {"type": "Feature", "geometry": {"type": "Point", "coordinates": [-0.12574, 51.50853]}, "properties": {"layer": "Cities", "type": "City", "name": "London", "country_code": "GB", "status": "Been", "favorite": false, "also_wishlist": false, "placesbeen_id": 27}}, {"type": "Feature", "geometry": {"type": "Point", "coordinates": [-1.28162, 53.34061]}, "properties": {"layer": "Cities", "type": "City", "name": "Wales", "country_code": "GB", "status": "Been", "favorite": false, "also_wishlist": false, "placesbeen_id": 41723}}, {"type": "Feature", "geometry": {"type": "Point", "coordinates": [-0.1969, 5.55602]}, "properties": {"layer": "Cities", "type": "City", "name": "Accra", "country_code": "GH", "status": "Been", "favorite": false, "also_wishlist": false, "placesbeen_id": 148}}, {"type": "Feature", "geometry": {"type": "Point", "coordinates": [23.72784, 37.98376]}, "properties": {"layer": "Cities", "type": "City", "name": "Athens", "country_code": "GR", "status": "Been", "favorite": false, "also_wishlist": false, "placesbeen_id": 568}}, {"type": "Feature", "geometry": {"type": "Point", "coordinates": [-90.51327, 14.64072]}, "properties": {"layer": "Cities", "type": "City", "name": "Guatemala City", "country_code": "GT", "status": "Been", "favorite": false, "also_wishlist": false, "placesbeen_id": 360}}, {"type": "Feature", "geometry": {"type": "Point", "coordinates": [-87.6375, 14.45139]}, "properties": {"layer": "Cities", "type": "City", "name": "Comayagua", "country_code": "HN", "status": "Been", "favorite": false, "also_wishlist": false, "placesbeen_id": 7466}}, {"type": "Feature", "geometry": {"type": "Point", "coordinates": [-87.20681, 14.0818]}, "properties": {"layer": "Cities", "type": "City", "name": "Tegucigalpa", "country_code": "HN", "status": "Been", "favorite": false, "also_wishlist": false, "placesbeen_id": 414}}, {"type": "Feature", "geometry": {"type": "Point", "coordinates": [18.09216, 42.64807]}, "properties": {"layer": "Cities", "type": "City", "name": "Dubrovnik", "country_code": "HR", "status": "Been", "favorite": false, "also_wishlist": false, "placesbeen_id": 14097}}, {"type": "Feature", "geometry": {"type": "Point", "coordinates": [16.44278, 43.1725]}, "properties": {"layer": "Cities", "type": "City", "name": "Hvar", "country_code": "HR", "status": "Been", "favorite": false, "also_wishlist": false, "placesbeen_id": 55309}}, {"type": "Feature", "geometry": {"type": "Point", "coordinates": [16.43915, 43.50891]}, "properties": {"layer": "Cities", "type": "City", "name": "Split", "country_code": "HR", "status": "Been", "favorite": false, "also_wishlist": false, "placesbeen_id": 2390}}, {"type": "Feature", "geometry": {"type": "Point", "coordinates": [15.97798, 45.81444]}, "properties": {"layer": "Cities", "type": "City", "name": "Zagreb", "country_code": "HR", "status": "Been", "favorite": false, "also_wishlist": false, "placesbeen_id": 532}}, {"type": "Feature", "geometry": {"type": "Point", "coordinates": [-72.33881, 18.54349]}, "properties": {"layer": "Cities", "type": "City", "name": "Port-au-Prince", "country_code": "HT", "status": "Been", "favorite": false, "also_wishlist": false, "placesbeen_id": 277}}, {"type": "Feature", "geometry": {"type": "Point", "coordinates": [19.04045, 47.49835]}, "properties": {"layer": "Cities", "type": "City", "name": "Budapest", "country_code": "HU", "status": "Been", "favorite": false, "also_wishlist": false, "placesbeen_id": 166}}, {"type": "Feature", "geometry": {"type": "Point", "coordinates": [115.21667, -8.65]}, "properties": {"layer": "Cities", "type": "City", "name": "Denpasar", "country_code": "ID", "status": "Been", "favorite": false, "also_wishlist": false, "placesbeen_id": 426}}, {"type": "Feature", "geometry": {"type": "Point", "coordinates": [115.17234, -8.72332]}, "properties": {"layer": "Cities", "type": "City", "name": "Kuta", "country_code": "ID", "status": "Been", "favorite": false, "also_wishlist": false, "placesbeen_id": 13467}}, {"type": "Feature", "geometry": {"type": "Point", "coordinates": [115.2654, -8.5098]}, "properties": {"layer": "Cities", "type": "City", "name": "Ubud", "country_code": "ID", "status": "Been", "favorite": false, "also_wishlist": false, "placesbeen_id": 14115}}, {"type": "Feature", "geometry": {"type": "Point", "coordinates": [-8.47061, 51.89797]}, "properties": {"layer": "Cities", "type": "City", "name": "Cork", "country_code": "IE", "status": "Been", "favorite": false, "also_wishlist": false, "placesbeen_id": 2209}}, {"type": "Feature", "geometry": {"type": "Point", "coordinates": [-10.26889, 52.14083]}, "properties": {"layer": "Cities", "type": "City", "name": "Dingle", "country_code": "IE", "status": "Been", "favorite": false, "also_wishlist": false, "placesbeen_id": 78230}}, {"type": "Feature", "geometry": {"type": "Point", "coordinates": [-6.24889, 53.33306]}, "properties": {"layer": "Cities", "type": "City", "name": "Dublin", "country_code": "IE", "status": "Been", "favorite": false, "also_wishlist": false, "placesbeen_id": 347}}, {"type": "Feature", "geometry": {"type": "Point", "coordinates": [78.01667, 27.18333]}, "properties": {"layer": "Cities", "type": "City", "name": "Agra", "country_code": "IN", "status": "Been", "favorite": false, "also_wishlist": false, "placesbeen_id": 217}}, {"type": "Feature", "geometry": {"type": "Point", "coordinates": [77.22445, 28.63576]}, "properties": {"layer": "Cities", "type": "City", "name": "New Delhi", "country_code": "IN", "status": "Been", "favorite": false, "also_wishlist": false, "placesbeen_id": 1292}}, {"type": "Feature", "geometry": {"type": "Point", "coordinates": [-21.89541, 64.13548]}, "properties": {"layer": "Cities", "type": "City", "name": "Reykjavík", "country_code": "IS", "status": "Been", "favorite": false, "also_wishlist": false, "placesbeen_id": 3585}}, {"type": "Feature", "geometry": {"type": "Point", "coordinates": [15.07041, 37.49223]}, "properties": {"layer": "Cities", "type": "City", "name": "Catania", "country_code": "IT", "status": "Been", "favorite": false, "also_wishlist": false, "placesbeen_id": 1430}}, {"type": "Feature", "geometry": {"type": "Point", "coordinates": [6.96893, 45.79659]}, "properties": {"layer": "Cities", "type": "City", "name": "Courmayeur", "country_code": "IT", "status": "Been", "favorite": false, "also_wishlist": false, "placesbeen_id": 64734}}, {"type": "Feature", "geometry": {"type": "Point", "coordinates": [-77.91883, 18.47116]}, "properties": {"layer": "Cities", "type": "City", "name": "Montego Bay", "country_code": "JM", "status": "Been", "favorite": false, "also_wishlist": false, "placesbeen_id": 5190}}, {"type": "Feature", "geometry": {"type": "Point", "coordinates": [104.91601, 11.56245]}, "properties": {"layer": "Cities", "type": "City", "name": "Phnom Penh", "country_code": "KH", "status": "Been", "favorite": false, "also_wishlist": false, "placesbeen_id": 187}}, {"type": "Feature", "geometry": {"type": "Point", "coordinates": [103.86056, 13.36179]}, "properties": {"layer": "Cities", "type": "City", "name": "Siem Reap", "country_code": "KH", "status": "Been", "favorite": false, "also_wishlist": false, "placesbeen_id": 3038}}, {"type": "Feature", "geometry": {"type": "Point", "coordinates": [76.92861, 43.25667]}, "properties": {"layer": "Cities", "type": "City", "name": "Almaty", "country_code": "KZ", "status": "Been", "favorite": false, "also_wishlist": false, "placesbeen_id": 142}}, {"type": "Feature", "geometry": {"type": "Point", "coordinates": [102.6, 17.96667]}, "properties": {"layer": "Cities", "type": "City", "name": "Vientiane", "country_code": "LA", "status": "Been", "favorite": false, "also_wishlist": false, "placesbeen_id": 2146}}, {"type": "Feature", "geometry": {"type": "Point", "coordinates": [9.52154, 47.14151]}, "properties": {"layer": "Cities", "type": "City", "name": "Vaduz", "country_code": "LI", "status": "Been", "favorite": false, "also_wishlist": false, "placesbeen_id": 45218}}, {"type": "Feature", "geometry": {"type": "Point", "coordinates": [27.48333, -29.31667]}, "properties": {"layer": "Cities", "type": "City", "name": "Maseru", "country_code": "LS", "status": "Been", "favorite": false, "also_wishlist": false, "placesbeen_id": 3602}}, {"type": "Feature", "geometry": {"type": "Point", "coordinates": [21.06861, 55.9175]}, "properties": {"layer": "Cities", "type": "City", "name": "Palanga", "country_code": "LT", "status": "Been", "favorite": false, "also_wishlist": false, "placesbeen_id": 20566}}, {"type": "Feature", "geometry": {"type": "Point", "coordinates": [24.10589, 56.946]}, "properties": {"layer": "Cities", "type": "City", "name": "Riga", "country_code": "LV", "status": "Been", "favorite": false, "also_wishlist": false, "placesbeen_id": 495}}, {"type": "Feature", "geometry": {"type": "Point", "coordinates": [-15.60719, 22.6558]}, "properties": {"layer": "Cities", "type": "City", "name": "Imlili", "country_code": "MA", "status": "Been", "favorite": false, "also_wishlist": false, "placesbeen_id": 72505}}, {"type": "Feature", "geometry": {"type": "Point", "coordinates": [-7.99994, 31.63416]}, "properties": {"layer": "Cities", "type": "City", "name": "Marrakesh", "country_code": "MA", "status": "Been", "favorite": false, "also_wishlist": false, "placesbeen_id": 425}}, {"type": "Feature", "geometry": {"type": "Point", "coordinates": [7.41667, 43.73333]}, "properties": {"layer": "Cities", "type": "City", "name": "Monaco", "country_code": "MC", "status": "Been", "favorite": false, "also_wishlist": false, "placesbeen_id": 12483}}, {"type": "Feature", "geometry": {"type": "Point", "coordinates": [18.84, 42.28639]}, "properties": {"layer": "Cities", "type": "City", "name": "Budva", "country_code": "ME", "status": "Been", "favorite": false, "also_wishlist": false, "placesbeen_id": 20404}}, {"type": "Feature", "geometry": {"type": "Point", "coordinates": [18.5375, 42.45306]}, "properties": {"layer": "Cities", "type": "City", "name": "Herceg-Novi", "country_code": "ME", "status": "Been", "favorite": false, "also_wishlist": false, "placesbeen_id": 19158}}, {"type": "Feature", "geometry": {"type": "Point", "coordinates": [18.76825, 42.42067]}, "properties": {"layer": "Cities", "type": "City", "name": "Kotor", "country_code": "ME", "status": "Been", "favorite": false, "also_wishlist": false, "placesbeen_id": 44456}}, {"type": "Feature", "geometry": {"type": "Point", "coordinates": [19.26361, 42.44111]}, "properties": {"layer": "Cities", "type": "City", "name": "Podgorica", "country_code": "ME", "status": "Been", "favorite": false, "also_wishlist": false, "placesbeen_id": 3091}}, {"type": "Feature", "geometry": {"type": "Point", "coordinates": [21.43141, 41.99646]}, "properties": {"layer": "Cities", "type": "City", "name": "Skopje", "country_code": "MK", "status": "Been", "favorite": false, "also_wishlist": false, "placesbeen_id": 833}}, {"type": "Feature", "geometry": {"type": "Point", "coordinates": [14.51472, 35.89972]}, "properties": {"layer": "Cities", "type": "City", "name": "Valletta", "country_code": "MT", "status": "Been", "favorite": false, "also_wishlist": false, "placesbeen_id": 38673}}, {"type": "Feature", "geometry": {"type": "Point", "coordinates": [-109.91238, 22.89088]}, "properties": {"layer": "Cities", "type": "City", "name": "Cabo San Lucas", "country_code": "MX", "status": "Been", "favorite": false, "also_wishlist": false, "placesbeen_id": 6331}}, {"type": "Feature", "geometry": {"type": "Point", "coordinates": [-106.46084, 31.72024]}, "properties": {"layer": "Cities", "type": "City", "name": "Juárez", "country_code": "MX", "status": "Been", "favorite": false, "also_wishlist": false, "placesbeen_id": 249}}, {"type": "Feature", "geometry": {"type": "Point", "coordinates": [-110.3005, 24.14437]}, "properties": {"layer": "Cities", "type": "City", "name": "La Paz", "country_code": "MX", "status": "Been", "favorite": false, "also_wishlist": false, "placesbeen_id": 1947}}, {"type": "Feature", "geometry": {"type": "Point", "coordinates": [-99.12766, 19.42847]}, "properties": {"layer": "Cities", "type": "City", "name": "Mexico City", "country_code": "MX", "status": "Been", "favorite": false, "also_wishlist": false, "placesbeen_id": 5}}, {"type": "Feature", "geometry": {"type": "Point", "coordinates": [-89.61696, 20.97537]}, "properties": {"layer": "Cities", "type": "City", "name": "Mérida", "country_code": "MX", "status": "Been", "favorite": false, "also_wishlist": false, "placesbeen_id": 464}}, {"type": "Feature", "geometry": {"type": "Point", "coordinates": [-117.00371, 32.5027]}, "properties": {"layer": "Cities", "type": "City", "name": "Tijuana", "country_code": "MX", "status": "Been", "favorite": false, "also_wishlist": false, "placesbeen_id": 253}}, {"type": "Feature", "geometry": {"type": "Point", "coordinates": [-110.22308, 23.44688]}, "properties": {"layer": "Cities", "type": "City", "name": "Todos Santos", "country_code": "MX", "status": "Been", "favorite": false, "also_wishlist": false, "placesbeen_id": 45467}}, {"type": "Feature", "geometry": {"type": "Point", "coordinates": [101.68653, 3.1412]}, "properties": {"layer": "Cities", "type": "City", "name": "Kuala Lumpur", "country_code": "MY", "status": "Been", "favorite": false, "also_wishlist": false, "placesbeen_id": 208}}, {"type": "Feature", "geometry": {"type": "Point", "coordinates": [4.88969, 52.37403]}, "properties": {"layer": "Cities", "type": "City", "name": "Amsterdam", "country_code": "NL", "status": "Been", "favorite": false, "also_wishlist": false, "placesbeen_id": 496}}, {"type": "Feature", "geometry": {"type": "Point", "coordinates": [5.32415, 60.39299]}, "properties": {"layer": "Cities", "type": "City", "name": "Bergen", "country_code": "NO", "status": "Been", "favorite": false, "also_wishlist": false, "placesbeen_id": 1955}}, {"type": "Feature", "geometry": {"type": "Point", "coordinates": [10.65771, 59.43403]}, "properties": {"layer": "Cities", "type": "City", "name": "Moss", "country_code": "NO", "status": "Been", "favorite": false, "also_wishlist": false, "placesbeen_id": 11971}}, {"type": "Feature", "geometry": {"type": "Point", "coordinates": [6.54565, 60.06912]}, "properties": {"layer": "Cities", "type": "City", "name": "Odda", "country_code": "NO", "status": "Been", "favorite": false, "also_wishlist": false, "placesbeen_id": 44393}}, {"type": "Feature", "geometry": {"type": "Point", "coordinates": [10.74609, 59.91273]}, "properties": {"layer": "Cities", "type": "City", "name": "Oslo", "country_code": "NO", "status": "Been", "favorite": false, "also_wishlist": false, "placesbeen_id": 671}}, {"type": "Feature", "geometry": {"type": "Point", "coordinates": [5.73332, 58.97005]}, "properties": {"layer": "Cities", "type": "City", "name": "Stavanger", "country_code": "NO", "status": "Wishlist", "favorite": false, "also_wishlist": true, "placesbeen_id": 3512}}, {"type": "Feature", "geometry": {"type": "Point", "coordinates": [18.95508, 69.6489]}, "properties": {"layer": "Cities", "type": "City", "name": "Tromsø", "country_code": "NO", "status": "Been", "favorite": false, "also_wishlist": false, "placesbeen_id": 8316}}, {"type": "Feature", "geometry": {"type": "Point", "coordinates": [10.39506, 63.43049]}, "properties": {"layer": "Cities", "type": "City", "name": "Trondheim", "country_code": "NO", "status": "Been", "favorite": false, "also_wishlist": false, "placesbeen_id": 2886}}, {"type": "Feature", "geometry": {"type": "Point", "coordinates": [85.3206, 27.70169]}, "properties": {"layer": "Cities", "type": "City", "name": "Kathmandu", "country_code": "NP", "status": "Been", "favorite": false, "also_wishlist": false, "placesbeen_id": 210}}, {"type": "Feature", "geometry": {"type": "Point", "coordinates": [86.71058, 27.80528]}, "properties": {"layer": "Cities", "type": "City", "name": "Namche Bazar", "country_code": "NP", "status": "Been", "favorite": false, "also_wishlist": false, "placesbeen_id": 71595}}, {"type": "Feature", "geometry": {"type": "Point", "coordinates": [174.76349, -36.84853]}, "properties": {"layer": "Cities", "type": "City", "name": "Auckland", "country_code": "NZ", "status": "Been", "favorite": false, "also_wishlist": false, "placesbeen_id": 970}}, {"type": "Feature", "geometry": {"type": "Point", "coordinates": [172.63333, -43.53333]}, "properties": {"layer": "Cities", "type": "City", "name": "Christchurch", "country_code": "NZ", "status": "Been", "favorite": false, "also_wishlist": false, "placesbeen_id": 1114}}, {"type": "Feature", "geometry": {"type": "Point", "coordinates": [172.81667, -42.51667]}, "properties": {"layer": "Cities", "type": "City", "name": "Hanmer Springs", "country_code": "NZ", "status": "Been", "favorite": false, "also_wishlist": false, "placesbeen_id": 119331}}, {"type": "Feature", "geometry": {"type": "Point", "coordinates": [168.66271, -45.03023]}, "properties": {"layer": "Cities", "type": "City", "name": "Queenstown", "country_code": "NZ", "status": "Been", "favorite": false, "also_wishlist": false, "placesbeen_id": 29665}}, {"type": "Feature", "geometry": {"type": "Point", "coordinates": [176.24516, -38.13874]}, "properties": {"layer": "Cities", "type": "City", "name": "Rotorua", "country_code": "NZ", "status": "Been", "favorite": false, "also_wishlist": false, "placesbeen_id": 6605}}, {"type": "Feature", "geometry": {"type": "Point", "coordinates": [171.6037, -41.75262]}, "properties": {"layer": "Cities", "type": "City", "name": "Westport", "country_code": "NZ", "status": "Been", "favorite": false, "also_wishlist": false, "placesbeen_id": 55813}}, {"type": "Feature", "geometry": {"type": "Point", "coordinates": [-79.89172, 9.33404]}, "properties": {"layer": "Cities", "type": "City", "name": "Panama City", "country_code": "PA", "status": "Been", "favorite": false, "also_wishlist": false, "placesbeen_id": 180909}}, {"type": "Feature", "geometry": {"type": "Point", "coordinates": [-79.51973, 8.9936]}, "properties": {"layer": "Cities", "type": "City", "name": "Panamá", "country_code": "PA", "status": "Been", "favorite": false, "also_wishlist": false, "placesbeen_id": 994}}, {"type": "Feature", "geometry": {"type": "Point", "coordinates": [-71.96734, -13.52264]}, "properties": {"layer": "Cities", "type": "City", "name": "Cusco", "country_code": "PE", "status": "Been", "favorite": false, "also_wishlist": false, "placesbeen_id": 1325}}, {"type": "Feature", "geometry": {"type": "Point", "coordinates": [-77.02824, -12.04318]}, "properties": {"layer": "Cities", "type": "City", "name": "Lima", "country_code": "PE", "status": "Been", "favorite": false, "also_wishlist": false, "placesbeen_id": 24}}, {"type": "Feature", "geometry": {"type": "Point", "coordinates": [-72.15667, -13.335]}, "properties": {"layer": "Cities", "type": "City", "name": "Maras", "country_code": "PE", "status": "Been", "favorite": false, "also_wishlist": false, "placesbeen_id": 181594}}, {"type": "Feature", "geometry": {"type": "Point", "coordinates": [-76.14111, -11.59972]}, "properties": {"layer": "Cities", "type": "City", "name": "Morococha", "country_code": "PE", "status": "Wishlist", "favorite": false, "also_wishlist": true, "placesbeen_id": 35312}}, {"type": "Feature", "geometry": {"type": "Point", "coordinates": [-72.26306, -13.25722]}, "properties": {"layer": "Cities", "type": "City", "name": "Ollantaytambo", "country_code": "PE", "status": "Been", "favorite": false, "also_wishlist": false, "placesbeen_id": 77484}}, {"type": "Feature", "geometry": {"type": "Point", "coordinates": [119.39556, 11.18583]}, "properties": {"layer": "Cities", "type": "City", "name": "El Nido", "country_code": "PH", "status": "Been", "favorite": false, "also_wishlist": false, "placesbeen_id": 35544}}, {"type": "Feature", "geometry": {"type": "Point", "coordinates": [120.9822, 14.6042]}, "properties": {"layer": "Cities", "type": "City", "name": "Manila", "country_code": "PH", "status": "Been", "favorite": false, "also_wishlist": false, "placesbeen_id": 181}}, {"type": "Feature", "geometry": {"type": "Point", "coordinates": [118.73528, 9.73917]}, "properties": {"layer": "Cities", "type": "City", "name": "Puerto Princesa", "country_code": "PH", "status": "Been", "favorite": false, "also_wishlist": false, "placesbeen_id": 1883}}, {"type": "Feature", "geometry": {"type": "Point", "coordinates": [18.64637, 54.35205]}, "properties": {"layer": "Cities", "type": "City", "name": "Gdańsk", "country_code": "PL", "status": "Been", "favorite": false, "also_wishlist": false, "placesbeen_id": 858}}, {"type": "Feature", "geometry": {"type": "Point", "coordinates": [-8.66685, 41.39629]}, "properties": {"layer": "Cities", "type": "City", "name": "Arcos", "country_code": "PT", "status": "Been", "favorite": false, "also_wishlist": false, "placesbeen_id": 116994}}, {"type": "Feature", "geometry": {"type": "Point", "coordinates": [-8.61843, 41.53174]}, "properties": {"layer": "Cities", "type": "City", "name": "Barcelos", "country_code": "PT", "status": "Been", "favorite": false, "also_wishlist": false, "placesbeen_id": 19532}}, {"type": "Feature", "geometry": {"type": "Point", "coordinates": [-8.78201, 41.5361]}, "properties": {"layer": "Cities", "type": "City", "name": "Esposende", "country_code": "PT", "status": "Been", "favorite": false, "also_wishlist": false, "placesbeen_id": 11923}}, {"type": "Feature", "geometry": {"type": "Point", "coordinates": [-9.13333, 38.71667]}, "properties": {"layer": "Cities", "type": "City", "name": "Lisbon", "country_code": "PT", "status": "Been", "favorite": false, "also_wishlist": false, "placesbeen_id": 764}}, {"type": "Feature", "geometry": {"type": "Point", "coordinates": [-8.61099, 41.14961]}, "properties": {"layer": "Cities", "type": "City", "name": "Porto", "country_code": "PT", "status": "Been", "favorite": false, "also_wishlist": false, "placesbeen_id": 1665}}, {"type": "Feature", "geometry": {"type": "Point", "coordinates": [-9.37826, 38.80097]}, "properties": {"layer": "Cities", "type": "City", "name": "Sintra", "country_code": "PT", "status": "Been", "favorite": false, "also_wishlist": false, "placesbeen_id": 15118}}, {"type": "Feature", "geometry": {"type": "Point", "coordinates": [-8.83287, 41.69323]}, "properties": {"layer": "Cities", "type": "City", "name": "Viana do Castelo", "country_code": "PT", "status": "Been", "favorite": false, "also_wishlist": false, "placesbeen_id": 11490}}, {"type": "Feature", "geometry": {"type": "Point", "coordinates": [-8.85255, 41.81098]}, "properties": {"layer": "Cities", "type": "City", "name": "Vila Praia de Âncora", "country_code": "PT", "status": "Been", "favorite": false, "also_wishlist": false, "placesbeen_id": 46464}}, {"type": "Feature", "geometry": {"type": "Point", "coordinates": [-8.74516, 41.35326]}, "properties": {"layer": "Cities", "type": "City", "name": "Vila do Conde", "country_code": "PT", "status": "Been", "favorite": false, "also_wishlist": false, "placesbeen_id": 14470}}, {"type": "Feature", "geometry": {"type": "Point", "coordinates": [-54.61111, -25.50972]}, "properties": {"layer": "Cities", "type": "City", "name": "Ciudad del Este", "country_code": "PY", "status": "Been", "favorite": false, "also_wishlist": false, "placesbeen_id": 1269}}, {"type": "Feature", "geometry": {"type": "Point", "coordinates": [51.53096, 25.28545]}, "properties": {"layer": "Cities", "type": "City", "name": "Doha", "country_code": "QA", "status": "Been", "favorite": false, "also_wishlist": false, "placesbeen_id": 1180}}, {"type": "Feature", "geometry": {"type": "Point", "coordinates": [20.46513, 44.80401]}, "properties": {"layer": "Cities", "type": "City", "name": "Belgrade", "country_code": "RS", "status": "Been", "favorite": false, "also_wishlist": false, "placesbeen_id": 265}}, {"type": "Feature", "geometry": {"type": "Point", "coordinates": [12.49118, 56.90552]}, "properties": {"layer": "Cities", "type": "City", "name": "Falkenberg", "country_code": "SE", "status": "Been", "favorite": false, "also_wishlist": false, "placesbeen_id": 16212}}, {"type": "Feature", "geometry": {"type": "Point", "coordinates": [11.96679, 57.70716]}, "properties": {"layer": "Cities", "type": "City", "name": "Göteborg", "country_code": "SE", "status": "Been", "favorite": false, "also_wishlist": false, "placesbeen_id": 686}}, {"type": "Feature", "geometry": {"type": "Point", "coordinates": [12.69437, 56.04673]}, "properties": {"layer": "Cities", "type": "City", "name": "Helsingborg", "country_code": "SE", "status": "Been", "favorite": false, "also_wishlist": false, "placesbeen_id": 4073}}, {"type": "Feature", "geometry": {"type": "Point", "coordinates": [13.00073, 55.60587]}, "properties": {"layer": "Cities", "type": "City", "name": "Malmö", "country_code": "SE", "status": "Been", "favorite": false, "also_wishlist": false, "placesbeen_id": 1371}}, {"type": "Feature", "geometry": {"type": "Point", "coordinates": [12.5, 56.28333]}, "properties": {"layer": "Cities", "type": "City", "name": "Mölle", "country_code": "SE", "status": "Been", "favorite": false, "also_wishlist": false, "placesbeen_id": 131267}}, {"type": "Feature", "geometry": {"type": "Point", "coordinates": [18.0649, 59.33258]}, "properties": {"layer": "Cities", "type": "City", "name": "Stockholm", "country_code": "SE", "status": "Been", "favorite": false, "also_wishlist": false, "placesbeen_id": 197}}, {"type": "Feature", "geometry": {"type": "Point", "coordinates": [103.85007, 1.28967]}, "properties": {"layer": "Cities", "type": "City", "name": "Singapore", "country_code": "SG", "status": "Been", "favorite": false, "also_wishlist": false, "placesbeen_id": 72}}, {"type": "Feature", "geometry": {"type": "Point", "coordinates": [14.50513, 46.05108]}, "properties": {"layer": "Cities", "type": "City", "name": "Ljubljana", "country_code": "SI", "status": "Been", "favorite": false, "also_wishlist": false, "placesbeen_id": 1533}}, {"type": "Feature", "geometry": {"type": "Point", "coordinates": [20.07975, 49.05913]}, "properties": {"layer": "Cities", "type": "City", "name": "Štrba", "country_code": "SK", "status": "Been", "favorite": false, "also_wishlist": false, "placesbeen_id": 56091}}, {"type": "Feature", "geometry": {"type": "Point", "coordinates": [-89.18718, 13.68935]}, "properties": {"layer": "Cities", "type": "City", "name": "San Salvador", "country_code": "SV", "status": "Been", "favorite": false, "also_wishlist": false, "placesbeen_id": 749}}, {"type": "Feature", "geometry": {"type": "Point", "coordinates": [31.38004, -26.49884]}, "properties": {"layer": "Cities", "type": "City", "name": "Manzini", "country_code": "SZ", "status": "Been", "favorite": false, "also_wishlist": false, "placesbeen_id": 3855}}, {"type": "Feature", "geometry": {"type": "Point", "coordinates": [100.50144, 13.75398]}, "properties": {"layer": "Cities", "type": "City", "name": "Bangkok", "country_code": "TH", "status": "Been", "favorite": false, "also_wishlist": false, "placesbeen_id": 44}}, {"type": "Feature", "geometry": {"type": "Point", "coordinates": [98.3981, 7.89059]}, "properties": {"layer": "Cities", "type": "City", "name": "Phuket", "country_code": "TH", "status": "Been", "favorite": false, "also_wishlist": false, "placesbeen_id": 4806}}, {"type": "Feature", "geometry": {"type": "Point", "coordinates": [28.94966, 41.01384]}, "properties": {"layer": "Cities", "type": "City", "name": "Istanbul", "country_code": "TR", "status": "Been", "favorite": false, "also_wishlist": false, "placesbeen_id": 2}}, {"type": "Feature", "geometry": {"type": "Point", "coordinates": [36.68333, -3.36667]}, "properties": {"layer": "Cities", "type": "City", "name": "Arusha", "country_code": "TZ", "status": "Been", "favorite": false, "also_wishlist": false, "placesbeen_id": 1193}}, {"type": "Feature", "geometry": {"type": "Point", "coordinates": [37.33333, -3.35]}, "properties": {"layer": "Cities", "type": "City", "name": "Moshi", "country_code": "TZ", "status": "Been", "favorite": false, "also_wishlist": false, "placesbeen_id": 2680}}, {"type": "Feature", "geometry": {"type": "Point", "coordinates": [-73.75623, 42.65258]}, "properties": {"layer": "Cities", "type": "City", "name": "Albany", "country_code": "US", "status": "Been", "favorite": false, "also_wishlist": false, "placesbeen_id": 4328}}, {"type": "Feature", "geometry": {"type": "Point", "coordinates": [-123.10593, 44.63651]}, "properties": {"layer": "Cities", "type": "City", "name": "Albany", "country_code": "US", "status": "Been", "favorite": false, "also_wishlist": false, "placesbeen_id": 8355}}, {"type": "Feature", "geometry": {"type": "Point", "coordinates": [-106.65114, 35.08449]}, "properties": {"layer": "Cities", "type": "City", "name": "Albuquerque", "country_code": "US", "status": "Been", "favorite": false, "also_wishlist": false, "placesbeen_id": 698}}, {"type": "Feature", "geometry": {"type": "Point", "coordinates": [-122.86705, 45.49428]}, "properties": {"layer": "Cities", "type": "City", "name": "Aloha", "country_code": "US", "status": "Been", "favorite": false, "also_wishlist": false, "placesbeen_id": 8762}}, {"type": "Feature", "geometry": {"type": "Point", "coordinates": [-117.9145, 33.83529]}, "properties": {"layer": "Cities", "type": "City", "name": "Anaheim", "country_code": "US", "status": "Been", "favorite": false, "also_wishlist": false, "placesbeen_id": 1162}}, {"type": "Feature", "geometry": {"type": "Point", "coordinates": [-149.90028, 61.21806]}, "properties": {"layer": "Cities", "type": "City", "name": "Anchorage", "country_code": "US", "status": "Been", "favorite": false, "also_wishlist": false, "placesbeen_id": 1389}}, {"type": "Feature", "geometry": {"type": "Point", "coordinates": [-77.10428, 38.88101]}, "properties": {"layer": "Cities", "type": "City", "name": "Arlington", "country_code": "US", "status": "Been", "favorite": false, "also_wishlist": false, "placesbeen_id": 2019}}, {"type": "Feature", "geometry": {"type": "Point", "coordinates": [-122.11385, 37.69465]}, "properties": {"layer": "Cities", "type": "City", "name": "Ashland", "country_code": "US", "status": "Been", "favorite": false, "also_wishlist": false, "placesbeen_id": 17522}}, {"type": "Feature", "geometry": {"type": "Point", "coordinates": [-122.70948, 42.19458]}, "properties": {"layer": "Cities", "type": "City", "name": "Ashland", "country_code": "US", "status": "Been", "favorite": false, "also_wishlist": false, "placesbeen_id": 18175}}, {"type": "Feature", "geometry": {"type": "Point", "coordinates": [-122.87092, 44.84095]}, "properties": {"layer": "Cities", "type": "City", "name": "Aumsville", "country_code": "US", "status": "Been", "favorite": false, "also_wishlist": false, "placesbeen_id": 52605}}, {"type": "Feature", "geometry": {"type": "Point", "coordinates": [-76.61219, 39.29038]}, "properties": {"layer": "Cities", "type": "City", "name": "Baltimore", "country_code": "US", "status": "Been", "favorite": false, "also_wishlist": false, "placesbeen_id": 615}}, {"type": "Feature", "geometry": {"type": "Point", "coordinates": [-124.40845, 43.119]}, "properties": {"layer": "Cities", "type": "City", "name": "Bandon", "country_code": "US", "status": "Been", "favorite": false, "also_wishlist": false, "placesbeen_id": 60871}}, {"type": "Feature", "geometry": {"type": "Point", "coordinates": [-124.31317, 43.35428]}, "properties": {"layer": "Cities", "type": "City", "name": "Barview", "country_code": "US", "status": "Been", "favorite": false, "also_wishlist": false, "placesbeen_id": 80518}}, {"type": "Feature", "geometry": {"type": "Point", "coordinates": [-123.8893, 45.5226]}, "properties": {"layer": "Cities", "type": "City", "name": "Bay City", "country_code": "US", "status": "Been", "favorite": false, "also_wishlist": false, "placesbeen_id": 93343}}, {"type": "Feature", "geometry": {"type": "Point", "coordinates": [-94.10185, 30.08605]}, "properties": {"layer": "Cities", "type": "City", "name": "Beaumont", "country_code": "US", "status": "Been", "favorite": false, "also_wishlist": false, "placesbeen_id": 3611}}, {"type": "Feature", "geometry": {"type": "Point", "coordinates": [-122.80371, 45.48706]}, "properties": {"layer": "Cities", "type": "City", "name": "Beaverton", "country_code": "US", "status": "Been", "favorite": false, "also_wishlist": false, "placesbeen_id": 4424}}, {"type": "Feature", "geometry": {"type": "Point", "coordinates": [-122.20068, 47.61038]}, "properties": {"layer": "Cities", "type": "City", "name": "Bellevue", "country_code": "US", "status": "Been", "favorite": false, "also_wishlist": false, "placesbeen_id": 3031}}, {"type": "Feature", "geometry": {"type": "Point", "coordinates": [-121.31531, 44.05817]}, "properties": {"layer": "Cities", "type": "City", "name": "Bend", "country_code": "US", "status": "Been", "favorite": false, "also_wishlist": false, "placesbeen_id": 4946}}, {"type": "Feature", "geometry": {"type": "Point", "coordinates": [-122.27275, 37.87159]}, "properties": {"layer": "Cities", "type": "City", "name": "Berkeley", "country_code": "US", "status": "Been", "favorite": false, "also_wishlist": false, "placesbeen_id": 3530}}, {"type": "Feature", "geometry": {"type": "Point", "coordinates": [-108.50069, 45.78329]}, "properties": {"layer": "Cities", "type": "City", "name": "Billings", "country_code": "US", "status": "Been", "favorite": false, "also_wishlist": false, "placesbeen_id": 3860}}, {"type": "Feature", "geometry": {"type": "Point", "coordinates": [-116.20345, 43.6135]}, "properties": {"layer": "Cities", "type": "City", "name": "Boise", "country_code": "US", "status": "Been", "favorite": false, "also_wishlist": false, "placesbeen_id": 2907}}, {"type": "Feature", "geometry": {"type": "Point", "coordinates": [-71.05977, 42.35843]}, "properties": {"layer": "Cities", "type": "City", "name": "Boston", "country_code": "US", "status": "Been", "favorite": false, "also_wishlist": false, "placesbeen_id": 564}}, {"type": "Feature", "geometry": {"type": "Point", "coordinates": [-124.28398, 42.05261]}, "properties": {"layer": "Cities", "type": "City", "name": "Brookings", "country_code": "US", "status": "Been", "favorite": false, "also_wishlist": false, "placesbeen_id": 39763}}, {"type": "Feature", "geometry": {"type": "Point", "coordinates": [-73.94958, 40.6501]}, "properties": {"layer": "Cities", "type": "City", "name": "Brooklyn", "country_code": "US", "status": "Been", "favorite": false, "also_wishlist": false, "placesbeen_id": 129}}, {"type": "Feature", "geometry": {"type": "Point", "coordinates": [-124.20483, 43.35595]}, "properties": {"layer": "Cities", "type": "City", "name": "Bunker Hill", "country_code": "US", "status": "Been", "favorite": false, "also_wishlist": false, "placesbeen_id": 89950}}, {"type": "Feature", "geometry": {"type": "Point", "coordinates": [-119.0541, 43.58626]}, "properties": {"layer": "Cities", "type": "City", "name": "Burns", "country_code": "US", "status": "Been", "favorite": false, "also_wishlist": false, "placesbeen_id": 65204}}, {"type": "Feature", "geometry": {"type": "Point", "coordinates": [-122.39954, 45.58706]}, "properties": {"layer": "Cities", "type": "City", "name": "Camas", "country_code": "US", "status": "Been", "favorite": false, "also_wishlist": false, "placesbeen_id": 17573}}, {"type": "Feature", "geometry": {"type": "Point", "coordinates": [-122.69259, 45.2629]}, "properties": {"layer": "Cities", "type": "City", "name": "Canby", "country_code": "US", "status": "Been", "favorite": false, "also_wishlist": false, "placesbeen_id": 21037}}, {"type": "Feature", "geometry": {"type": "Point", "coordinates": [-106.31308, 42.86663]}, "properties": {"layer": "Cities", "type": "City", "name": "Casper", "country_code": "US", "status": "Been", "favorite": false, "also_wishlist": false, "placesbeen_id": 7258}}, {"type": "Feature", "geometry": {"type": "Point", "coordinates": [-123.64812, 42.16289]}, "properties": {"layer": "Cities", "type": "City", "name": "Cave Junction", "country_code": "US", "status": "Been", "favorite": false, "also_wishlist": false, "placesbeen_id": 78883}}, {"type": "Feature", "geometry": {"type": "Point", "coordinates": [-80.84313, 35.22709]}, "properties": {"layer": "Cities", "type": "City", "name": "Charlotte", "country_code": "US", "status": "Been", "favorite": false, "also_wishlist": false, "placesbeen_id": 430}}, {"type": "Feature", "geometry": {"type": "Point", "coordinates": [-104.82025, 41.13998]}, "properties": {"layer": "Cities", "type": "City", "name": "Cheyenne", "country_code": "US", "status": "Been", "favorite": false, "also_wishlist": false, "placesbeen_id": 6898}}, {"type": "Feature", "geometry": {"type": "Point", "coordinates": [-87.65005, 41.85003]}, "properties": {"layer": "Cities", "type": "City", "name": "Chicago", "country_code": "US", "status": "Been", "favorite": false, "also_wishlist": false, "placesbeen_id": 105}}, {"type": "Feature", "geometry": {"type": "Point", "coordinates": [-121.83748, 39.72849]}, "properties": {"layer": "Cities", "type": "City", "name": "Chico", "country_code": "US", "status": "Been", "favorite": false, "also_wishlist": false, "placesbeen_id": 4737}}, {"type": "Feature", "geometry": {"type": "Point", "coordinates": [-84.51439, 39.12711]}, "properties": {"layer": "Cities", "type": "City", "name": "Cincinnati", "country_code": "US", "status": "Been", "favorite": false, "also_wishlist": false, "placesbeen_id": 1402}}, {"type": "Feature", "geometry": {"type": "Point", "coordinates": [-81.69541, 41.4995]}, "properties": {"layer": "Cities", "type": "City", "name": "Cleveland", "country_code": "US", "status": "Been", "favorite": false, "also_wishlist": false, "placesbeen_id": 1046}}, {"type": "Feature", "geometry": {"type": "Point", "coordinates": [-104.82136, 38.83388]}, "properties": {"layer": "Cities", "type": "City", "name": "Colorado Springs", "country_code": "US", "status": "Been", "favorite": false, "also_wishlist": false, "placesbeen_id": 871}}, {"type": "Feature", "geometry": {"type": "Point", "coordinates": [-122.03107, 37.97798]}, "properties": {"layer": "Cities", "type": "City", "name": "Concord", "country_code": "US", "status": "Been", "favorite": false, "also_wishlist": false, "placesbeen_id": 3300}}, {"type": "Feature", "geometry": {"type": "Point", "coordinates": [-124.21789, 43.3665]}, "properties": {"layer": "Cities", "type": "City", "name": "Coos Bay", "country_code": "US", "status": "Been", "favorite": false, "also_wishlist": false, "placesbeen_id": 22047}}, {"type": "Feature", "geometry": {"type": "Point", "coordinates": [-124.18761, 43.17705]}, "properties": {"layer": "Cities", "type": "City", "name": "Coquille", "country_code": "US", "status": "Been", "favorite": false, "also_wishlist": false, "placesbeen_id": 53869}}, {"type": "Feature", "geometry": {"type": "Point", "coordinates": [-123.26204, 44.56457]}, "properties": {"layer": "Cities", "type": "City", "name": "Corvallis", "country_code": "US", "status": "Been", "favorite": false, "also_wishlist": false, "placesbeen_id": 7850}}, {"type": "Feature", "geometry": {"type": "Point", "coordinates": [-123.05952, 43.79762]}, "properties": {"layer": "Cities", "type": "City", "name": "Cottage Grove", "country_code": "US", "status": "Been", "favorite": false, "also_wishlist": false, "placesbeen_id": 30619}}, {"type": "Feature", "geometry": {"type": "Point", "coordinates": [-124.20175, 41.75595]}, "properties": {"layer": "Cities", "type": "City", "name": "Crescent City", "country_code": "US", "status": "Been", "favorite": false, "also_wishlist": false, "placesbeen_id": 38749}}, {"type": "Feature", "geometry": {"type": "Point", "coordinates": [-96.80667, 32.78306]}, "properties": {"layer": "Cities", "type": "City", "name": "Dallas", "country_code": "US", "status": "Been", "favorite": false, "also_wishlist": false, "placesbeen_id": 254}}, {"type": "Feature", "geometry": {"type": "Point", "coordinates": [-123.31705, 44.91928]}, "properties": {"layer": "Cities", "type": "City", "name": "Dallas", "country_code": "US", "status": "Been", "favorite": false, "also_wishlist": false, "placesbeen_id": 22948}}, {"type": "Feature", "geometry": {"type": "Point", "coordinates": [-75.58881, 39.57789]}, "properties": {"layer": "Cities", "type": "City", "name": "Delaware City", "country_code": "US", "status": "Been", "favorite": false, "also_wishlist": false, "placesbeen_id": 82633}}, {"type": "Feature", "geometry": {"type": "Point", "coordinates": [-104.9847, 39.73915]}, "properties": {"layer": "Cities", "type": "City", "name": "Denver", "country_code": "US", "status": "Been", "favorite": false, "also_wishlist": false, "placesbeen_id": 547}}, {"type": "Feature", "geometry": {"type": "Point", "coordinates": [-124.06317, 44.80845]}, "properties": {"layer": "Cities", "type": "City", "name": "Depoe Bay", "country_code": "US", "status": "Been", "favorite": false, "also_wishlist": false, "placesbeen_id": 90609}}, {"type": "Feature", "geometry": {"type": "Point", "coordinates": [-73.87264, 41.01454]}, "properties": {"layer": "Cities", "type": "City", "name": "Dobbs Ferry", "country_code": "US", "status": "Been", "favorite": false, "also_wishlist": false, "placesbeen_id": 28500}}, {"type": "Feature", "geometry": {"type": "Point", "coordinates": [-124.11512, 43.88318]}, "properties": {"layer": "Cities", "type": "City", "name": "Dunes City", "country_code": "US", "status": "Been", "favorite": false, "also_wishlist": false, "placesbeen_id": 93142}}, {"type": "Feature", "geometry": {"type": "Point", "coordinates": [-123.08675, 44.05207]}, "properties": {"layer": "Cities", "type": "City", "name": "Eugene", "country_code": "US", "status": "Been", "favorite": false, "also_wishlist": false, "placesbeen_id": 2582}}, {"type": "Feature", "geometry": {"type": "Point", "coordinates": [-111.65127, 35.19807]}, "properties": {"layer": "Cities", "type": "City", "name": "Flagstaff", "country_code": "US", "status": "Been", "favorite": false, "also_wishlist": false, "placesbeen_id": 6173}}, {"type": "Feature", "geometry": {"type": "Point", "coordinates": [-124.09984, 43.98262]}, "properties": {"layer": "Cities", "type": "City", "name": "Florence", "country_code": "US", "status": "Been", "favorite": false, "also_wishlist": false, "placesbeen_id": 33394}}, {"type": "Feature", "geometry": {"type": "Point", "coordinates": [-123.11066, 45.51984]}, "properties": {"layer": "Cities", "type": "City", "name": "Forest Grove", "country_code": "US", "status": "Been", "favorite": false, "also_wishlist": false, "placesbeen_id": 16325}}, {"type": "Feature", "geometry": {"type": "Point", "coordinates": [-105.08442, 40.58526]}, "properties": {"layer": "Cities", "type": "City", "name": "Fort Collins", "country_code": "US", "status": "Been", "favorite": false, "also_wishlist": false, "placesbeen_id": 2613}}, {"type": "Feature", "geometry": {"type": "Point", "coordinates": [-122.98371, 44.9279]}, "properties": {"layer": "Cities", "type": "City", "name": "Four Corners", "country_code": "US", "status": "Been", "favorite": false, "also_wishlist": false, "placesbeen_id": 22302}}, {"type": "Feature", "geometry": {"type": "Point", "coordinates": [-121.98857, 37.54827]}, "properties": {"layer": "Cities", "type": "City", "name": "Fremont", "country_code": "US", "status": "Been", "favorite": false, "also_wishlist": false, "placesbeen_id": 1797}}, {"type": "Feature", "geometry": {"type": "Point", "coordinates": [-119.77237, 36.74773]}, "properties": {"layer": "Cities", "type": "City", "name": "Fresno", "country_code": "US", "status": "Been", "favorite": false, "also_wishlist": false, "placesbeen_id": 757}}, {"type": "Feature", "geometry": {"type": "Point", "coordinates": [-123.91096, 45.55983]}, "properties": {"layer": "Cities", "type": "City", "name": "Garibaldi", "country_code": "US", "status": "Been", "favorite": false, "also_wishlist": false, "placesbeen_id": 119413}}, {"type": "Feature", "geometry": {"type": "Point", "coordinates": [-124.21122, 43.43456]}, "properties": {"layer": "Cities", "type": "City", "name": "Glasgow", "country_code": "US", "status": "Been", "favorite": false, "also_wishlist": false, "placesbeen_id": 120850}}, {"type": "Feature", "geometry": {"type": "Point", "coordinates": [-124.42177, 42.40733]}, "properties": {"layer": "Cities", "type": "City", "name": "Gold Beach", "country_code": "US", "status": "Been", "favorite": false, "also_wishlist": false, "placesbeen_id": 72355}}, {"type": "Feature", "geometry": {"type": "Point", "coordinates": [-112.13934, 36.05443]}, "properties": {"layer": "Cities", "type": "City", "name": "Grand Canyon", "country_code": "US", "status": "Been", "favorite": false, "also_wishlist": false, "placesbeen_id": 89516}}, {"type": "Feature", "geometry": {"type": "Point", "coordinates": [-108.55065, 39.06387]}, "properties": {"layer": "Cities", "type": "City", "name": "Grand Junction", "country_code": "US", "status": "Been", "favorite": false, "also_wishlist": false, "placesbeen_id": 7253}}, {"type": "Feature", "geometry": {"type": "Point", "coordinates": [-123.60928, 45.06011]}, "properties": {"layer": "Cities", "type": "City", "name": "Grand Ronde", "country_code": "US", "status": "Been", "favorite": false, "also_wishlist": false, "placesbeen_id": 84371}}, {"type": "Feature", "geometry": {"type": "Point", "coordinates": [-123.33067, 42.43933]}, "properties": {"layer": "Cities", "type": "City", "name": "Grants Pass", "country_code": "US", "status": "Been", "favorite": false, "also_wishlist": false, "placesbeen_id": 11260}}, {"type": "Feature", "geometry": {"type": "Point", "coordinates": [-122.43148, 45.49818]}, "properties": {"layer": "Cities", "type": "City", "name": "Gresham", "country_code": "US", "status": "Been", "favorite": false, "also_wishlist": false, "placesbeen_id": 3853}}, {"type": "Feature", "geometry": {"type": "Point", "coordinates": [-155.99028, 20.75806]}, "properties": {"layer": "Cities", "type": "City", "name": "Hana", "country_code": "US", "status": "Been", "favorite": false, "also_wishlist": false, "placesbeen_id": 96682}}, {"type": "Feature", "geometry": {"type": "Point", "coordinates": [-72.68509, 41.76371]}, "properties": {"layer": "Cities", "type": "City", "name": "Hartford", "country_code": "US", "status": "Been", "favorite": false, "also_wishlist": false, "placesbeen_id": 3441}}, {"type": "Feature", "geometry": {"type": "Point", "coordinates": [-154.91583, 19.54306]}, "properties": {"layer": "Cities", "type": "City", "name": "Hawaiian Beaches", "country_code": "US", "status": "Been", "favorite": false, "also_wishlist": false, "placesbeen_id": 50698}}, {"type": "Feature", "geometry": {"type": "Point", "coordinates": [-122.98287, 44.98595]}, "properties": {"layer": "Cities", "type": "City", "name": "Hayesville", "country_code": "US", "status": "Been", "favorite": false, "also_wishlist": false, "placesbeen_id": 18872}}, {"type": "Feature", "geometry": {"type": "Point", "coordinates": [-114.98194, 36.0397]}, "properties": {"layer": "Cities", "type": "City", "name": "Henderson", "country_code": "US", "status": "Been", "favorite": false, "also_wishlist": false, "placesbeen_id": 1454}}, {"type": "Feature", "geometry": {"type": "Point", "coordinates": [-122.98983, 45.52289]}, "properties": {"layer": "Cities", "type": "City", "name": "Hillsboro", "country_code": "US", "status": "Been", "favorite": false, "also_wishlist": false, "placesbeen_id": 4147}}, {"type": "Feature", "geometry": {"type": "Point", "coordinates": [-157.85833, 21.30694]}, "properties": {"layer": "Cities", "type": "City", "name": "Honolulu", "country_code": "US", "status": "Been", "favorite": false, "also_wishlist": false, "placesbeen_id": 1093}}, {"type": "Feature", "geometry": {"type": "Point", "coordinates": [-95.36327, 29.76328]}, "properties": {"layer": "Cities", "type": "City", "name": "Houston", "country_code": "US", "status": "Been", "favorite": false, "also_wishlist": false, "placesbeen_id": 130}}, {"type": "Feature", "geometry": {"type": "Point", "coordinates": [-112.03414, 43.46658]}, "properties": {"layer": "Cities", "type": "City", "name": "Idaho Falls", "country_code": "US", "status": "Been", "favorite": false, "also_wishlist": false, "placesbeen_id": 7400}}, {"type": "Feature", "geometry": {"type": "Point", "coordinates": [-123.18677, 44.85123]}, "properties": {"layer": "Cities", "type": "City", "name": "Independence", "country_code": "US", "status": "Been", "favorite": false, "also_wishlist": false, "placesbeen_id": 32095}}, {"type": "Feature", "geometry": {"type": "Point", "coordinates": [-86.15804, 39.76838]}, "properties": {"layer": "Cities", "type": "City", "name": "Indianapolis", "country_code": "US", "status": "Been", "favorite": false, "also_wishlist": false, "placesbeen_id": 429}}, {"type": "Feature", "geometry": {"type": "Point", "coordinates": [-134.41972, 58.30194]}, "properties": {"layer": "Cities", "type": "City", "name": "Juneau", "country_code": "US", "status": "Been", "favorite": false, "also_wishlist": false, "placesbeen_id": 12550}}, {"type": "Feature", "geometry": {"type": "Point", "coordinates": [-156.68778, 20.9309]}, "properties": {"layer": "Cities", "type": "City", "name": "Kaanapali Landing", "country_code": "US", "status": "Been", "favorite": false, "also_wishlist": false, "placesbeen_id": 78651}}, {"type": "Feature", "geometry": {"type": "Point", "coordinates": [-123.02621, 44.99012]}, "properties": {"layer": "Cities", "type": "City", "name": "Keizer", "country_code": "US", "status": "Been", "favorite": false, "also_wishlist": false, "placesbeen_id": 11045}}, {"type": "Feature", "geometry": {"type": "Point", "coordinates": [-151.25833, 60.55444]}, "properties": {"layer": "Cities", "type": "City", "name": "Kenai", "country_code": "US", "status": "Been", "favorite": false, "also_wishlist": false, "placesbeen_id": 35937}}, {"type": "Feature", "geometry": {"type": "Point", "coordinates": [-119.13723, 46.21125]}, "properties": {"layer": "Cities", "type": "City", "name": "Kennewick", "country_code": "US", "status": "Been", "favorite": false, "also_wishlist": false, "placesbeen_id": 5465}}, {"type": "Feature", "geometry": {"type": "Point", "coordinates": [-122.23484, 47.38093]}, "properties": {"layer": "Cities", "type": "City", "name": "Kent", "country_code": "US", "status": "Been", "favorite": false, "also_wishlist": false, "placesbeen_id": 3354}}, {"type": "Feature", "geometry": {"type": "Point", "coordinates": [-121.78167, 42.22487]}, "properties": {"layer": "Cities", "type": "City", "name": "Klamath Falls", "country_code": "US", "status": "Been", "favorite": false, "also_wishlist": false, "placesbeen_id": 17841}}, {"type": "Feature", "geometry": {"type": "Point", "coordinates": [-156.69422, 20.92881]}, "properties": {"layer": "Cities", "type": "City", "name": "Kā‘anapali", "country_code": "US", "status": "Been", "favorite": false, "also_wishlist": false, "placesbeen_id": 104421}}, {"type": "Feature", "geometry": {"type": "Point", "coordinates": [-156.44578, 20.76462]}, "properties": {"layer": "Cities", "type": "City", "name": "Kīhei", "country_code": "US", "status": "Been", "favorite": false, "also_wishlist": false, "placesbeen_id": 18160}}, {"type": "Feature", "geometry": {"type": "Point", "coordinates": [-118.08772, 45.32458]}, "properties": {"layer": "Cities", "type": "City", "name": "La Grande", "country_code": "US", "status": "Been", "favorite": false, "also_wishlist": false, "placesbeen_id": 25585}}, {"type": "Feature", "geometry": {"type": "Point", "coordinates": [-122.82319, 47.03426]}, "properties": {"layer": "Cities", "type": "City", "name": "Lacey", "country_code": "US", "status": "Been", "favorite": false, "also_wishlist": false, "placesbeen_id": 9280}}, {"type": "Feature", "geometry": {"type": "Point", "coordinates": [-92.01984, 30.22409]}, "properties": {"layer": "Cities", "type": "City", "name": "Lafayette", "country_code": "US", "status": "Been", "favorite": false, "also_wishlist": false, "placesbeen_id": 3332}}, {"type": "Feature", "geometry": {"type": "Point", "coordinates": [-123.11483, 45.24428]}, "properties": {"layer": "Cities", "type": "City", "name": "Lafayette", "country_code": "US", "status": "Been", "favorite": false, "also_wishlist": false, "placesbeen_id": 53012}}, {"type": "Feature", "geometry": {"type": "Point", "coordinates": [-156.67663, 20.87429]}, "properties": {"layer": "Cities", "type": "City", "name": "Lahaina", "country_code": "US", "status": "Been", "favorite": false, "also_wishlist": false, "placesbeen_id": 27527}}, {"type": "Feature", "geometry": {"type": "Point", "coordinates": [-122.67065, 45.42067]}, "properties": {"layer": "Cities", "type": "City", "name": "Lake Oswego", "country_code": "US", "status": "Been", "favorite": false, "also_wishlist": false, "placesbeen_id": 10908}}, {"type": "Feature", "geometry": {"type": "Point", "coordinates": [-124.17511, 43.57567]}, "properties": {"layer": "Cities", "type": "City", "name": "Lakeside", "country_code": "US", "status": "Been", "favorite": false, "also_wishlist": false, "placesbeen_id": 82722}}, {"type": "Feature", "geometry": {"type": "Point", "coordinates": [-105.5911, 41.31137]}, "properties": {"layer": "Cities", "type": "City", "name": "Laramie", "country_code": "US", "status": "Been", "favorite": false, "also_wishlist": false, "placesbeen_id": 12739}}, {"type": "Feature", "geometry": {"type": "Point", "coordinates": [-115.13722, 36.17497]}, "properties": {"layer": "Cities", "type": "City", "name": "Las Vegas", "country_code": "US", "status": "Been", "favorite": false, "also_wishlist": false, "placesbeen_id": 614}}, {"type": "Feature", "geometry": {"type": "Point", "coordinates": [-122.90703, 44.53651]}, "properties": {"layer": "Cities", "type": "City", "name": "Lebanon", "country_code": "US", "status": "Been", "favorite": false, "also_wishlist": false, "placesbeen_id": 21907}}, {"type": "Feature", "geometry": {"type": "Point", "coordinates": [-159.3721, 21.98121]}, "properties": {"layer": "Cities", "type": "City", "name": "Lihue", "country_code": "US", "status": "Been", "favorite": false, "also_wishlist": false, "placesbeen_id": 39833}}, {"type": "Feature", "geometry": {"type": "Point", "coordinates": [-96.66696, 40.8]}, "properties": {"layer": "Cities", "type": "City", "name": "Lincoln", "country_code": "US", "status": "Been", "favorite": false, "also_wishlist": false, "placesbeen_id": 1504}}, {"type": "Feature", "geometry": {"type": "Point", "coordinates": [-124.04678, 44.85039]}, "properties": {"layer": "Cities", "type": "City", "name": "Lincoln Beach", "country_code": "US", "status": "Been", "favorite": false, "also_wishlist": false, "placesbeen_id": 76577}}, {"type": "Feature", "geometry": {"type": "Point", "coordinates": [-124.01789, 44.95816]}, "properties": {"layer": "Cities", "type": "City", "name": "Lincoln City", "country_code": "US", "status": "Been", "favorite": false, "also_wishlist": false, "placesbeen_id": 33657}}, {"type": "Feature", "geometry": {"type": "Point", "coordinates": [-105.01665, 39.61332]}, "properties": {"layer": "Cities", "type": "City", "name": "Littleton", "country_code": "US", "status": "Been", "favorite": false, "also_wishlist": false, "placesbeen_id": 9283}}, {"type": "Feature", "geometry": {"type": "Point", "coordinates": [-118.18923, 33.76696]}, "properties": {"layer": "Cities", "type": "City", "name": "Long Beach", "country_code": "US", "status": "Been", "favorite": false, "also_wishlist": false, "placesbeen_id": 836}}, {"type": "Feature", "geometry": {"type": "Point", "coordinates": [-122.93817, 46.13817]}, "properties": {"layer": "Cities", "type": "City", "name": "Longview", "country_code": "US", "status": "Been", "favorite": false, "also_wishlist": false, "placesbeen_id": 11322}}, {"type": "Feature", "geometry": {"type": "Point", "coordinates": [-118.24368, 34.05223]}, "properties": {"layer": "Cities", "type": "City", "name": "Los Angeles", "country_code": "US", "status": "Been", "favorite": false, "also_wishlist": false, "placesbeen_id": 58}}, {"type": "Feature", "geometry": {"type": "Point", "coordinates": [-73.96625, 40.78343]}, "properties": {"layer": "Cities", "type": "City", "name": "Manhattan", "country_code": "US", "status": "Been", "favorite": false, "also_wishlist": false, "placesbeen_id": 200}}, {"type": "Feature", "geometry": {"type": "Point", "coordinates": [-81.4579, 41.51922]}, "properties": {"layer": "Cities", "type": "City", "name": "Mayfield Heights", "country_code": "US", "status": "Been", "favorite": false, "also_wishlist": false, "placesbeen_id": 19726}}, {"type": "Feature", "geometry": {"type": "Point", "coordinates": [-123.19872, 45.21012]}, "properties": {"layer": "Cities", "type": "City", "name": "McMinnville", "country_code": "US", "status": "Been", "favorite": false, "also_wishlist": false, "placesbeen_id": 12168}}, {"type": "Feature", "geometry": {"type": "Point", "coordinates": [-122.87559, 42.32652]}, "properties": {"layer": "Cities", "type": "City", "name": "Medford", "country_code": "US", "status": "Been", "favorite": false, "also_wishlist": false, "placesbeen_id": 5397}}, {"type": "Feature", "geometry": {"type": "Point", "coordinates": [-90.04898, 35.14953]}, "properties": {"layer": "Cities", "type": "City", "name": "Memphis", "country_code": "US", "status": "Been", "favorite": false, "also_wishlist": false, "placesbeen_id": 572}}, {"type": "Feature", "geometry": {"type": "Point", "coordinates": [-116.39151, 43.61211]}, "properties": {"layer": "Cities", "type": "City", "name": "Meridian", "country_code": "US", "status": "Been", "favorite": false, "also_wishlist": false, "placesbeen_id": 4717}}, {"type": "Feature", "geometry": {"type": "Point", "coordinates": [-80.19366, 25.77427]}, "properties": {"layer": "Cities", "type": "City", "name": "Miami", "country_code": "US", "status": "Been", "favorite": false, "also_wishlist": false, "placesbeen_id": 909}}, {"type": "Feature", "geometry": {"type": "Point", "coordinates": [-93.26384, 44.97997]}, "properties": {"layer": "Cities", "type": "City", "name": "Minneapolis", "country_code": "US", "status": "Been", "favorite": false, "also_wishlist": false, "placesbeen_id": 984}}, {"type": "Feature", "geometry": {"type": "Point", "coordinates": [-120.99688, 37.6391]}, "properties": {"layer": "Cities", "type": "City", "name": "Modesto", "country_code": "US", "status": "Been", "favorite": false, "also_wishlist": false, "placesbeen_id": 1976}}, {"type": "Feature", "geometry": {"type": "Point", "coordinates": [-122.57703, 45.14734]}, "properties": {"layer": "Cities", "type": "City", "name": "Molalla", "country_code": "US", "status": "Been", "favorite": false, "also_wishlist": false, "placesbeen_id": 32674}}, {"type": "Feature", "geometry": {"type": "Point", "coordinates": [-123.23399, 44.84845]}, "properties": {"layer": "Cities", "type": "City", "name": "Monmouth", "country_code": "US", "status": "Been", "favorite": false, "also_wishlist": false, "placesbeen_id": 30435}}, {"type": "Feature", "geometry": {"type": "Point", "coordinates": [-124.13899, 43.06483]}, "properties": {"layer": "Cities", "type": "City", "name": "Myrtle Point", "country_code": "US", "status": "Been", "favorite": false, "also_wishlist": false, "placesbeen_id": 68576}}, {"type": "Feature", "geometry": {"type": "Point", "coordinates": [-116.56346, 43.54072]}, "properties": {"layer": "Cities", "type": "City", "name": "Nampa", "country_code": "US", "status": "Been", "favorite": false, "also_wishlist": false, "placesbeen_id": 4764}}, {"type": "Feature", "geometry": {"type": "Point", "coordinates": [-123.94596, 45.43483]}, "properties": {"layer": "Cities", "type": "City", "name": "Netarts", "country_code": "US", "status": "Been", "favorite": false, "also_wishlist": false, "placesbeen_id": 121935}}, {"type": "Feature", "geometry": {"type": "Point", "coordinates": [-74.00597, 40.71427]}, "properties": {"layer": "Cities", "type": "City", "name": "New York City", "country_code": "US", "status": "Been", "favorite": false, "also_wishlist": false, "placesbeen_id": 20}}, {"type": "Feature", "geometry": {"type": "Point", "coordinates": [-75.74966, 39.68372]}, "properties": {"layer": "Cities", "type": "City", "name": "Newark", "country_code": "US", "status": "Been", "favorite": false, "also_wishlist": false, "placesbeen_id": 12195}}, {"type": "Feature", "geometry": {"type": "Point", "coordinates": [-122.97316, 45.30012]}, "properties": {"layer": "Cities", "type": "City", "name": "Newberg", "country_code": "US", "status": "Been", "favorite": false, "also_wishlist": false, "placesbeen_id": 16980}}, {"type": "Feature", "geometry": {"type": "Point", "coordinates": [-124.05345, 44.63678]}, "properties": {"layer": "Cities", "type": "City", "name": "Newport", "country_code": "US", "status": "Been", "favorite": false, "also_wishlist": false, "placesbeen_id": 29950}}, {"type": "Feature", "geometry": {"type": "Point", "coordinates": [-124.22428, 43.4065]}, "properties": {"layer": "Cities", "type": "City", "name": "North Bend", "country_code": "US", "status": "Been", "favorite": false, "also_wishlist": false, "placesbeen_id": 31168}}, {"type": "Feature", "geometry": {"type": "Point", "coordinates": [-115.1175, 36.19886]}, "properties": {"layer": "Cities", "type": "City", "name": "North Las Vegas", "country_code": "US", "status": "Been", "favorite": false, "also_wishlist": false, "placesbeen_id": 1785}}, {"type": "Feature", "geometry": {"type": "Point", "coordinates": [-100.76542, 41.12389]}, "properties": {"layer": "Cities", "type": "City", "name": "North Platte", "country_code": "US", "status": "Been", "favorite": false, "also_wishlist": false, "placesbeen_id": 16156}}, {"type": "Feature", "geometry": {"type": "Point", "coordinates": [-122.2708, 37.80437]}, "properties": {"layer": "Cities", "type": "City", "name": "Oakland", "country_code": "US", "status": "Been", "favorite": false, "also_wishlist": false, "placesbeen_id": 965}}, {"type": "Feature", "geometry": {"type": "Point", "coordinates": [-111.97383, 41.223]}, "properties": {"layer": "Cities", "type": "City", "name": "Ogden", "country_code": "US", "status": "Been", "favorite": false, "also_wishlist": false, "placesbeen_id": 5041}}, {"type": "Feature", "geometry": {"type": "Point", "coordinates": [-97.51643, 35.46756]}, "properties": {"layer": "Cities", "type": "City", "name": "Oklahoma City", "country_code": "US", "status": "Been", "favorite": false, "also_wishlist": false, "placesbeen_id": 603}}, {"type": "Feature", "geometry": {"type": "Point", "coordinates": [-122.9007, 47.03787]}, "properties": {"layer": "Cities", "type": "City", "name": "Olympia", "country_code": "US", "status": "Been", "favorite": false, "also_wishlist": false, "placesbeen_id": 8628}}, {"type": "Feature", "geometry": {"type": "Point", "coordinates": [-95.94043, 41.25626]}, "properties": {"layer": "Cities", "type": "City", "name": "Omaha", "country_code": "US", "status": "Been", "favorite": false, "also_wishlist": false, "placesbeen_id": 902}}, {"type": "Feature", "geometry": {"type": "Point", "coordinates": [-122.60676, 45.35734]}, "properties": {"layer": "Cities", "type": "City", "name": "Oregon City", "country_code": "US", "status": "Been", "favorite": false, "also_wishlist": false, "placesbeen_id": 11576}}, {"type": "Feature", "geometry": {"type": "Point", "coordinates": [-81.37924, 28.53834]}, "properties": {"layer": "Cities", "type": "City", "name": "Orlando", "country_code": "US", "status": "Been", "favorite": false, "also_wishlist": false, "placesbeen_id": 1538}}, {"type": "Feature", "geometry": {"type": "Point", "coordinates": [-123.96289, 45.20233]}, "properties": {"layer": "Cities", "type": "City", "name": "Pacific City", "country_code": "US", "status": "Been", "favorite": false, "also_wishlist": false, "placesbeen_id": 104867}}, {"type": "Feature", "geometry": {"type": "Point", "coordinates": [-85.65983, 30.15946]}, "properties": {"layer": "Cities", "type": "City", "name": "Panama City", "country_code": "US", "status": "Been", "favorite": false, "also_wishlist": false, "placesbeen_id": 10951}}, {"type": "Feature", "geometry": {"type": "Point", "coordinates": [-119.10057, 46.23958]}, "properties": {"layer": "Cities", "type": "City", "name": "Pasco", "country_code": "US", "status": "Been", "favorite": false, "also_wishlist": false, "placesbeen_id": 6247}}, {"type": "Feature", "geometry": {"type": "Point", "coordinates": [-118.7886, 45.67207]}, "properties": {"layer": "Cities", "type": "City", "name": "Pendleton", "country_code": "US", "status": "Been", "favorite": false, "also_wishlist": false, "placesbeen_id": 21368}}, {"type": "Feature", "geometry": {"type": "Point", "coordinates": [-75.16379, 39.95233]}, "properties": {"layer": "Cities", "type": "City", "name": "Philadelphia", "country_code": "US", "status": "Been", "favorite": false, "also_wishlist": false, "placesbeen_id": 189}}, {"type": "Feature", "geometry": {"type": "Point", "coordinates": [-123.3676, 44.54012]}, "properties": {"layer": "Cities", "type": "City", "name": "Philomath", "country_code": "US", "status": "Been", "favorite": false, "also_wishlist": false, "placesbeen_id": 48631}}, {"type": "Feature", "geometry": {"type": "Point", "coordinates": [-112.07404, 33.44838]}, "properties": {"layer": "Cities", "type": "City", "name": "Phoenix", "country_code": "US", "status": "Been", "favorite": false, "also_wishlist": false, "placesbeen_id": 190}}, {"type": "Feature", "geometry": {"type": "Point", "coordinates": [-79.99589, 40.44062]}, "properties": {"layer": "Cities", "type": "City", "name": "Pittsburgh", "country_code": "US", "status": "Been", "favorite": false, "also_wishlist": false, "placesbeen_id": 1365}}, {"type": "Feature", "geometry": {"type": "Point", "coordinates": [-112.44553, 42.8713]}, "properties": {"layer": "Cities", "type": "City", "name": "Pocatello", "country_code": "US", "status": "Been", "favorite": false, "also_wishlist": false, "placesbeen_id": 8039}}, {"type": "Feature", "geometry": {"type": "Point", "coordinates": [-124.49733, 42.74566]}, "properties": {"layer": "Cities", "type": "City", "name": "Port Orford", "country_code": "US", "status": "Been", "favorite": false, "also_wishlist": false, "placesbeen_id": 99998}}, {"type": "Feature", "geometry": {"type": "Point", "coordinates": [-122.67621, 45.52345]}, "properties": {"layer": "Cities", "type": "City", "name": "Portland", "country_code": "US", "status": "Been", "favorite": false, "also_wishlist": false, "placesbeen_id": 600}}, {"type": "Feature", "geometry": {"type": "Point", "coordinates": [-70.25533, 43.66147]}, "properties": {"layer": "Cities", "type": "City", "name": "Portland", "country_code": "US", "status": "Been", "favorite": false, "also_wishlist": false, "placesbeen_id": 6498}}, {"type": "Feature", "geometry": {"type": "Point", "coordinates": [-70.75766, 43.07704]}, "properties": {"layer": "Cities", "type": "City", "name": "Portsmouth", "country_code": "US", "status": "Been", "favorite": false, "also_wishlist": false, "placesbeen_id": 17773}}, {"type": "Feature", "geometry": {"type": "Point", "coordinates": [-120.83447, 44.29985]}, "properties": {"layer": "Cities", "type": "City", "name": "Prineville", "country_code": "US", "status": "Been", "favorite": false, "also_wishlist": false, "placesbeen_id": 31469}}, {"type": "Feature", "geometry": {"type": "Point", "coordinates": [-71.41283, 41.82399]}, "properties": {"layer": "Cities", "type": "City", "name": "Providence", "country_code": "US", "status": "Been", "favorite": false, "also_wishlist": false, "placesbeen_id": 2358}}, {"type": "Feature", "geometry": {"type": "Point", "coordinates": [-78.63861, 35.7721]}, "properties": {"layer": "Cities", "type": "City", "name": "Raleigh", "country_code": "US", "status": "Been", "favorite": false, "also_wishlist": false, "placesbeen_id": 886}}, {"type": "Feature", "geometry": {"type": "Point", "coordinates": [-122.39168, 40.58654]}, "properties": {"layer": "Cities", "type": "City", "name": "Redding", "country_code": "US", "status": "Been", "favorite": false, "also_wishlist": false, "placesbeen_id": 4680}}, {"type": "Feature", "geometry": {"type": "Point", "coordinates": [-121.17392, 44.27262]}, "properties": {"layer": "Cities", "type": "City", "name": "Redmond", "country_code": "US", "status": "Been", "favorite": false, "also_wishlist": false, "placesbeen_id": 14026}}, {"type": "Feature", "geometry": {"type": "Point", "coordinates": [-124.09678, 43.70234]}, "properties": {"layer": "Cities", "type": "City", "name": "Reedsport", "country_code": "US", "status": "Been", "favorite": false, "also_wishlist": false, "placesbeen_id": 51887}}, {"type": "Feature", "geometry": {"type": "Point", "coordinates": [-119.8138, 39.52963]}, "properties": {"layer": "Cities", "type": "City", "name": "Reno", "country_code": "US", "status": "Been", "favorite": false, "also_wishlist": false, "placesbeen_id": 1727}}, {"type": "Feature", "geometry": {"type": "Point", "coordinates": [-119.28446, 46.28569]}, "properties": {"layer": "Cities", "type": "City", "name": "Richland", "country_code": "US", "status": "Been", "favorite": false, "also_wishlist": false, "placesbeen_id": 8063}}, {"type": "Feature", "geometry": {"type": "Point", "coordinates": [-109.2029, 41.58746]}, "properties": {"layer": "Cities", "type": "City", "name": "Rock Springs", "country_code": "US", "status": "Been", "favorite": false, "also_wishlist": false, "placesbeen_id": 16290}}, {"type": "Feature", "geometry": {"type": "Point", "coordinates": [-123.88039, 45.01039]}, "properties": {"layer": "Cities", "type": "City", "name": "Rose Lodge", "country_code": "US", "status": "Been", "favorite": false, "also_wishlist": false, "placesbeen_id": 79602}}, {"type": "Feature", "geometry": {"type": "Point", "coordinates": [-121.4944, 38.58157]}, "properties": {"layer": "Cities", "type": "City", "name": "Sacramento", "country_code": "US", "status": "Been", "favorite": false, "also_wishlist": false, "placesbeen_id": 800}}, {"type": "Feature", "geometry": {"type": "Point", "coordinates": [-123.0351, 44.9429]}, "properties": {"layer": "Cities", "type": "City", "name": "Salem", "country_code": "US", "status": "Been", "favorite": false, "also_wishlist": false, "placesbeen_id": 2552}}, {"type": "Feature", "geometry": {"type": "Point", "coordinates": [-111.89105, 40.76078]}, "properties": {"layer": "Cities", "type": "City", "name": "Salt Lake City", "country_code": "US", "status": "Been", "favorite": false, "also_wishlist": false, "placesbeen_id": 2186}}, {"type": "Feature", "geometry": {"type": "Point", "coordinates": [-98.49363, 29.42412]}, "properties": {"layer": "Cities", "type": "City", "name": "San Antonio", "country_code": "US", "status": "Been", "favorite": false, "also_wishlist": false, "placesbeen_id": 204}}, {"type": "Feature", "geometry": {"type": "Point", "coordinates": [-117.16472, 32.71571]}, "properties": {"layer": "Cities", "type": "City", "name": "San Diego", "country_code": "US", "status": "Been", "favorite": false, "also_wishlist": false, "placesbeen_id": 227}}, {"type": "Feature", "geometry": {"type": "Point", "coordinates": [-122.41942, 37.77493]}, "properties": {"layer": "Cities", "type": "City", "name": "San Francisco", "country_code": "US", "status": "Been", "favorite": false, "also_wishlist": false, "placesbeen_id": 411}}, {"type": "Feature", "geometry": {"type": "Point", "coordinates": [-121.89496, 37.33939]}, "properties": {"layer": "Cities", "type": "City", "name": "San Jose", "country_code": "US", "status": "Been", "favorite": false, "also_wishlist": false, "placesbeen_id": 345}}, {"type": "Feature", "geometry": {"type": "Point", "coordinates": [-111.8841, 40.59161]}, "properties": {"layer": "Cities", "type": "City", "name": "Sandy", "country_code": "US", "status": "Been", "favorite": false, "also_wishlist": false, "placesbeen_id": 4917}}, {"type": "Feature", "geometry": {"type": "Point", "coordinates": [-121.95524, 37.35411]}, "properties": {"layer": "Cities", "type": "City", "name": "Santa Clara", "country_code": "US", "status": "Been", "favorite": false, "also_wishlist": false, "placesbeen_id": 3386}}, {"type": "Feature", "geometry": {"type": "Point", "coordinates": [-122.0308, 36.97412]}, "properties": {"layer": "Cities", "type": "City", "name": "Santa Cruz", "country_code": "US", "status": "Been", "favorite": false, "also_wishlist": false, "placesbeen_id": 6789}}, {"type": "Feature", "geometry": {"type": "Point", "coordinates": [-122.71443, 38.44047]}, "properties": {"layer": "Cities", "type": "City", "name": "Santa Rosa", "country_code": "US", "status": "Been", "favorite": false, "also_wishlist": false, "placesbeen_id": 2411}}, {"type": "Feature", "geometry": {"type": "Point", "coordinates": [-122.33207, 47.60621]}, "properties": {"layer": "Cities", "type": "City", "name": "Seattle", "country_code": "US", "status": "Been", "favorite": false, "also_wishlist": false, "placesbeen_id": 546}}, {"type": "Feature", "geometry": {"type": "Point", "coordinates": [-123.39483, 45.09928]}, "properties": {"layer": "Cities", "type": "City", "name": "Sheridan", "country_code": "US", "status": "Been", "favorite": false, "also_wishlist": false, "placesbeen_id": 41157}}, {"type": "Feature", "geometry": {"type": "Point", "coordinates": [-122.78315, 45.00512]}, "properties": {"layer": "Cities", "type": "City", "name": "Silverton", "country_code": "US", "status": "Been", "favorite": false, "also_wishlist": false, "placesbeen_id": 31031}}, {"type": "Feature", "geometry": {"type": "Point", "coordinates": [-121.54921, 44.29095]}, "properties": {"layer": "Cities", "type": "City", "name": "Sisters", "country_code": "US", "status": "Been", "favorite": false, "also_wishlist": false, "placesbeen_id": 69260}}, {"type": "Feature", "geometry": {"type": "Point", "coordinates": [-135.31389, 59.45833]}, "properties": {"layer": "Cities", "type": "City", "name": "Skagway", "country_code": "US", "status": "Been", "favorite": false, "also_wishlist": false, "placesbeen_id": 110958}}, {"type": "Feature", "geometry": {"type": "Point", "coordinates": [-70.24088, 43.64147]}, "properties": {"layer": "Cities", "type": "City", "name": "South Portland", "country_code": "US", "status": "Been", "favorite": false, "also_wishlist": false, "placesbeen_id": 15420}}, {"type": "Feature", "geometry": {"type": "Point", "coordinates": [-117.42908, 47.65966]}, "properties": {"layer": "Cities", "type": "City", "name": "Spokane", "country_code": "US", "status": "Been", "favorite": false, "also_wishlist": false, "placesbeen_id": 1960}}, {"type": "Feature", "geometry": {"type": "Point", "coordinates": [-123.02203, 44.04624]}, "properties": {"layer": "Cities", "type": "City", "name": "Springfield", "country_code": "US", "status": "Been", "favorite": false, "also_wishlist": false, "placesbeen_id": 7195}}, {"type": "Feature", "geometry": {"type": "Point", "coordinates": [-90.19789, 38.62727]}, "properties": {"layer": "Cities", "type": "City", "name": "St. Louis", "country_code": "US", "status": "Been", "favorite": false, "also_wishlist": false, "placesbeen_id": 1304}}, {"type": "Feature", "geometry": {"type": "Point", "coordinates": [-122.79453, 44.80068]}, "properties": {"layer": "Cities", "type": "City", "name": "Stayton", "country_code": "US", "status": "Been", "favorite": false, "also_wishlist": false, "placesbeen_id": 35095}}, {"type": "Feature", "geometry": {"type": "Point", "coordinates": [-121.29078, 37.9577]}, "properties": {"layer": "Cities", "type": "City", "name": "Stockton", "country_code": "US", "status": "Been", "favorite": false, "also_wishlist": false, "placesbeen_id": 1357}}, {"type": "Feature", "geometry": {"type": "Point", "coordinates": [-122.03635, 37.36883]}, "properties": {"layer": "Cities", "type": "City", "name": "Sunnyvale", "country_code": "US", "status": "Been", "favorite": false, "also_wishlist": false, "placesbeen_id": 2787}}, {"type": "Feature", "geometry": {"type": "Point", "coordinates": [-122.7362, 44.39762]}, "properties": {"layer": "Cities", "type": "City", "name": "Sweet Home", "country_code": "US", "status": "Been", "favorite": false, "also_wishlist": false, "placesbeen_id": 32008}}, {"type": "Feature", "geometry": {"type": "Point", "coordinates": [-122.44429, 47.25288]}, "properties": {"layer": "Cities", "type": "City", "name": "Tacoma", "country_code": "US", "status": "Been", "favorite": false, "also_wishlist": false, "placesbeen_id": 2015}}, {"type": "Feature", "geometry": {"type": "Point", "coordinates": [-122.77149, 45.43123]}, "properties": {"layer": "Cities", "type": "City", "name": "Tigard", "country_code": "US", "status": "Been", "favorite": false, "also_wishlist": false, "placesbeen_id": 8491}}, {"type": "Feature", "geometry": {"type": "Point", "coordinates": [-123.84553, 45.4564]}, "properties": {"layer": "Cities", "type": "City", "name": "Tillamook", "country_code": "US", "status": "Been", "favorite": false, "also_wishlist": false, "placesbeen_id": 46401}}, {"type": "Feature", "geometry": {"type": "Point", "coordinates": [-123.93845, 44.62151]}, "properties": {"layer": "Cities", "type": "City", "name": "Toledo", "country_code": "US", "status": "Been", "favorite": false, "also_wishlist": false, "placesbeen_id": 56860}}, {"type": "Feature", "geometry": {"type": "Point", "coordinates": [-74.74294, 40.21705]}, "properties": {"layer": "Cities", "type": "City", "name": "Trenton", "country_code": "US", "status": "Been", "favorite": false, "also_wishlist": false, "placesbeen_id": 5120}}, {"type": "Feature", "geometry": {"type": "Point", "coordinates": [-83.14993, 42.60559]}, "properties": {"layer": "Cities", "type": "City", "name": "Troy", "country_code": "US", "status": "Been", "favorite": false, "also_wishlist": false, "placesbeen_id": 5164}}, {"type": "Feature", "geometry": {"type": "Point", "coordinates": [-73.69179, 42.72841]}, "properties": {"layer": "Cities", "type": "City", "name": "Troy", "country_code": "US", "status": "Been", "favorite": false, "also_wishlist": false, "placesbeen_id": 8699}}, {"type": "Feature", "geometry": {"type": "Point", "coordinates": [-122.76399, 45.38401]}, "properties": {"layer": "Cities", "type": "City", "name": "Tualatin", "country_code": "US", "status": "Been", "favorite": false, "also_wishlist": false, "placesbeen_id": 14651}}, {"type": "Feature", "geometry": {"type": "Point", "coordinates": [-122.66149, 45.63873]}, "properties": {"layer": "Cities", "type": "City", "name": "Vancouver", "country_code": "US", "status": "Been", "favorite": false, "also_wishlist": false, "placesbeen_id": 2435}}, {"type": "Feature", "geometry": {"type": "Point", "coordinates": [-119.29206, 36.33023]}, "properties": {"layer": "Cities", "type": "City", "name": "Visalia", "country_code": "US", "status": "Been", "favorite": false, "also_wishlist": false, "placesbeen_id": 3252}}, {"type": "Feature", "geometry": {"type": "Point", "coordinates": [-124.06873, 44.42679]}, "properties": {"layer": "Cities", "type": "City", "name": "Waldport", "country_code": "US", "status": "Been", "favorite": false, "also_wishlist": false, "placesbeen_id": 74999}}, {"type": "Feature", "geometry": {"type": "Point", "coordinates": [-118.34302, 46.06458]}, "properties": {"layer": "Cities", "type": "City", "name": "Walla Walla", "country_code": "US", "status": "Been", "favorite": false, "also_wishlist": false, "placesbeen_id": 12708}}, {"type": "Feature", "geometry": {"type": "Point", "coordinates": [-77.03637, 38.89511]}, "properties": {"layer": "Cities", "type": "City", "name": "Washington, D.C.", "country_code": "US", "status": "Been", "favorite": false, "also_wishlist": false, "placesbeen_id": 639}}, {"type": "Feature", "geometry": {"type": "Point", "coordinates": [-122.35342, 45.58262]}, "properties": {"layer": "Cities", "type": "City", "name": "Washougal", "country_code": "US", "status": "Been", "favorite": false, "also_wishlist": false, "placesbeen_id": 22938}}, {"type": "Feature", "geometry": {"type": "Point", "coordinates": [-122.61231, 45.36568]}, "properties": {"layer": "Cities", "type": "City", "name": "West Linn", "country_code": "US", "status": "Been", "favorite": false, "also_wishlist": false, "placesbeen_id": 14914}}, {"type": "Feature", "geometry": {"type": "Point", "coordinates": [-111.10411, 44.66215]}, "properties": {"layer": "Cities", "type": "City", "name": "West Yellowstone", "country_code": "US", "status": "Been", "favorite": false, "also_wishlist": false, "placesbeen_id": 93141}}, {"type": "Feature", "geometry": {"type": "Point", "coordinates": [-123.48594, 45.07873]}, "properties": {"layer": "Cities", "type": "City", "name": "Willamina", "country_code": "US", "status": "Been", "favorite": false, "also_wishlist": false, "placesbeen_id": 75426}}, {"type": "Feature", "geometry": {"type": "Point", "coordinates": [-122.77371, 45.29984]}, "properties": {"layer": "Cities", "type": "City", "name": "Wilsonville", "country_code": "US", "status": "Been", "favorite": false, "also_wishlist": false, "placesbeen_id": 17015}}, {"type": "Feature", "geometry": {"type": "Point", "coordinates": [-122.85537, 45.14373]}, "properties": {"layer": "Cities", "type": "City", "name": "Woodburn", "country_code": "US", "status": "Been", "favorite": false, "also_wishlist": false, "placesbeen_id": 15597}}, {"type": "Feature", "geometry": {"type": "Point", "coordinates": [-124.10484, 44.31123]}, "properties": {"layer": "Cities", "type": "City", "name": "Yachats", "country_code": "US", "status": "Been", "favorite": false, "also_wishlist": false, "placesbeen_id": 124208}}, {"type": "Feature", "geometry": {"type": "Point", "coordinates": [-120.5059, 46.60207]}, "properties": {"layer": "Cities", "type": "City", "name": "Yakima", "country_code": "US", "status": "Been", "favorite": false, "also_wishlist": false, "placesbeen_id": 4559}}, {"type": "Feature", "geometry": {"type": "Point", "coordinates": [-119.57788, 37.74075]}, "properties": {"layer": "Cities", "type": "City", "name": "Yosemite Valley", "country_code": "US", "status": "Been", "favorite": false, "also_wishlist": false, "placesbeen_id": 104868}}, {"type": "Feature", "geometry": {"type": "Point", "coordinates": [-56.18816, -34.90328]}, "properties": {"layer": "Cities", "type": "City", "name": "Montevideo", "country_code": "UY", "status": "Been", "favorite": false, "also_wishlist": false, "placesbeen_id": 266}}, {"type": "Feature", "geometry": {"type": "Point", "coordinates": [-54.93382, -34.94747]}, "properties": {"layer": "Cities", "type": "City", "name": "Punta del Este", "country_code": "UY", "status": "Been", "favorite": false, "also_wishlist": false, "placesbeen_id": 37235}}, {"type": "Feature", "geometry": {"type": "Point", "coordinates": [108.22083, 16.06778]}, "properties": {"layer": "Cities", "type": "City", "name": "Da Nang", "country_code": "VN", "status": "Been", "favorite": false, "also_wishlist": false, "placesbeen_id": 483}}, {"type": "Feature", "geometry": {"type": "Point", "coordinates": [103.95929, 10.21716]}, "properties": {"layer": "Cities", "type": "City", "name": "Dương Đông", "country_code": "VN", "status": "Been", "favorite": false, "also_wishlist": false, "placesbeen_id": 23288}}, {"type": "Feature", "geometry": {"type": "Point", "coordinates": [105.84117, 21.0245]}, "properties": {"layer": "Cities", "type": "City", "name": "Hanoi", "country_code": "VN", "status": "Been", "favorite": false, "also_wishlist": false, "placesbeen_id": 215}}, {"type": "Feature", "geometry": {"type": "Point", "coordinates": [106.62965, 10.82302]}, "properties": {"layer": "Cities", "type": "City", "name": "Ho Chi Minh City", "country_code": "VN", "status": "Been", "favorite": false, "also_wishlist": false, "placesbeen_id": 78}}, {"type": "Feature", "geometry": {"type": "Point", "coordinates": [107.07336, 20.95045]}, "properties": {"layer": "Cities", "type": "City", "name": "Hạ Long", "country_code": "VN", "status": "Been", "favorite": false, "also_wishlist": false, "placesbeen_id": 2863}}, {"type": "Feature", "geometry": {"type": "Point", "coordinates": [109.19432, 12.24507]}, "properties": {"layer": "Cities", "type": "City", "name": "Nha Trang", "country_code": "VN", "status": "Been", "favorite": true, "also_wishlist": false, "placesbeen_id": 1468}}, {"type": "Feature", "geometry": {"type": "Point", "coordinates": [21.16688, 42.67272]}, "properties": {"layer": "Cities", "type": "City", "name": "Pristina", "country_code": "XK", "status": "Been", "favorite": false, "also_wishlist": false, "placesbeen_id": 716}}, {"type": "Feature", "geometry": {"type": "Point", "coordinates": [18.42322, -33.92584]}, "properties": {"layer": "Cities", "type": "City", "name": "Cape Town", "country_code": "ZA", "status": "Been", "favorite": false, "also_wishlist": false, "placesbeen_id": 80}}, {"type": "Feature", "geometry": {"type": "Point", "coordinates": [28.04363, -26.20227]}, "properties": {"layer": "Cities", "type": "City", "name": "Johannesburg", "country_code": "ZA", "status": "Been", "favorite": false, "also_wishlist": false, "placesbeen_id": 140}}, {"type": "Feature", "geometry": {"type": "Point", "coordinates": [25.85425, -17.84194]}, "properties": {"layer": "Cities", "type": "City", "name": "Livingstone", "country_code": "ZM", "status": "Been", "favorite": false, "also_wishlist": false, "placesbeen_id": 3904}}, {"type": "Feature", "geometry": {"type": "Point", "coordinates": [25.83066, -17.93285]}, "properties": {"layer": "Cities", "type": "City", "name": "Victoria Falls", "country_code": "ZW", "status": "Been", "favorite": false, "also_wishlist": false, "placesbeen_id": 11592}}, {"type": "Feature", "geometry": {"type": "Point", "coordinates": [55.18615, 25.14198]}, "properties": {"layer": "Landmarks", "type": "Landmark, built", "name": "Burj Al Arab", "country_code": "AE", "status": "Been", "favorite": false, "also_wishlist": false, "placesbeen_id": 196111}}, {"type": "Feature", "geometry": {"type": "Point", "coordinates": [55.27411, 25.19714]}, "properties": {"layer": "Landmarks", "type": "Landmark, built", "name": "Burj Khalifa", "country_code": "AE", "status": "Been", "favorite": false, "also_wishlist": false, "placesbeen_id": 196093}}, {"type": "Feature", "geometry": {"type": "Point", "coordinates": [151.21056, -33.85222]}, "properties": {"layer": "Landmarks", "type": "Landmark, built", "name": "Sydney Harbour Bridge", "country_code": "AU", "status": "Been", "favorite": false, "also_wishlist": false, "placesbeen_id": 196144}}, {"type": "Feature", "geometry": {"type": "Point", "coordinates": [151.21417, -33.85861]}, "properties": {"layer": "Landmarks", "type": "Landmark, built", "name": "Sydney Opera House", "country_code": "AU", "status": "Been", "favorite": false, "also_wishlist": false, "placesbeen_id": 196068}}, {"type": "Feature", "geometry": {"type": "Point", "coordinates": [-43.21056, -22.95194]}, "properties": {"layer": "Landmarks", "type": "Landmark, built", "name": "Christ the Redeemer Statue", "country_code": "BR", "status": "Been", "favorite": false, "also_wishlist": false, "placesbeen_id": 196062}}, {"type": "Feature", "geometry": {"type": "Point", "coordinates": [13.401111, 52.519167]}, "properties": {"layer": "Landmarks", "type": "Landmark, built", "name": "Berlin Cathedral", "country_code": "DE", "status": "Been", "favorite": false, "also_wishlist": false, "placesbeen_id": 196215}}, {"type": "Feature", "geometry": {"type": "Point", "coordinates": [13.377, 52.516]}, "properties": {"layer": "Landmarks", "type": "Landmark, built", "name": "Berlin Wall", "country_code": "DE", "status": "Been", "favorite": false, "also_wishlist": false, "placesbeen_id": 196106}}, {"type": "Feature", "geometry": {"type": "Point", "coordinates": [13.37772, 52.51627]}, "properties": {"layer": "Landmarks", "type": "Landmark, built", "name": "Brandenburg Gate", "country_code": "DE", "status": "Been", "favorite": false, "also_wishlist": false, "placesbeen_id": 196140}}, {"type": "Feature", "geometry": {"type": "Point", "coordinates": [10.74952, 47.55753]}, "properties": {"layer": "Landmarks", "type": "Landmark, built", "name": "Neuschwanstein Castle", "country_code": "DE", "status": "Been", "favorite": false, "also_wishlist": false, "placesbeen_id": 196096}}, {"type": "Feature", "geometry": {"type": "Point", "coordinates": [12.59928, 55.69286]}, "properties": {"layer": "Landmarks", "type": "Landmark, built", "name": "Little Mermaid", "country_code": "DK", "status": "Been", "favorite": false, "also_wishlist": false, "placesbeen_id": 196162}}, {"type": "Feature", "geometry": {"type": "Point", "coordinates": [31.62556, 22.33694]}, "properties": {"layer": "Landmarks", "type": "Landmark, built", "name": "Abu Simbel temples", "country_code": "EG", "status": "Been", "favorite": false, "also_wishlist": false, "placesbeen_id": 196248}}, {"type": "Feature", "geometry": {"type": "Point", "coordinates": [31.13278, 29.97611]}, "properties": {"layer": "Landmarks", "type": "Landmark, built", "name": "Giza Pyramids", "country_code": "EG", "status": "Been", "favorite": false, "also_wishlist": false, "placesbeen_id": 196060}}, {"type": "Feature", "geometry": {"type": "Point", "coordinates": [31.13778, 29.97528]}, "properties": {"layer": "Landmarks", "type": "Landmark, built", "name": "Great Sphinx of Giza", "country_code": "EG", "status": "Been", "favorite": false, "also_wishlist": false, "placesbeen_id": 196081}}, {"type": "Feature", "geometry": {"type": "Point", "coordinates": [32.63917, 25.7]}, "properties": {"layer": "Landmarks", "type": "Landmark, built", "name": "Luxor Temple", "country_code": "EG", "status": "Been", "favorite": false, "also_wishlist": false, "placesbeen_id": 196138}}, {"type": "Feature", "geometry": {"type": "Point", "coordinates": [2.295, 48.8738]}, "properties": {"layer": "Landmarks", "type": "Landmark, built", "name": "Arc de Triomphe", "country_code": "FR", "status": "Been", "favorite": false, "also_wishlist": false, "placesbeen_id": 196122}}, {"type": "Feature", "geometry": {"type": "Point", "coordinates": [2.2945, 48.85822]}, "properties": {"layer": "Landmarks", "type": "Landmark, built", "name": "Eiffel Tower", "country_code": "FR", "status": "Been", "favorite": false, "also_wishlist": false, "placesbeen_id": 196067}}, {"type": "Feature", "geometry": {"type": "Point", "coordinates": [2.33639, 48.86111]}, "properties": {"layer": "Landmarks", "type": "Landmark, built", "name": "Louvre", "country_code": "FR", "status": "Been", "favorite": false, "also_wishlist": false, "placesbeen_id": 196114}}, {"type": "Feature", "geometry": {"type": "Point", "coordinates": [2.3498, 48.853]}, "properties": {"layer": "Landmarks", "type": "Landmark, built", "name": "Notre-Dame de Paris", "country_code": "FR", "status": "Been", "favorite": false, "also_wishlist": false, "placesbeen_id": 196070}}, {"type": "Feature", "geometry": {"type": "Point", "coordinates": [-0.1245, 51.5007]}, "properties": {"layer": "Landmarks", "type": "Landmark, built", "name": "Big Ben", "country_code": "GB", "status": "Been", "favorite": false, "also_wishlist": false, "placesbeen_id": 196084}}, {"type": "Feature", "geometry": {"type": "Point", "coordinates": [-0.14194, 51.50083]}, "properties": {"layer": "Landmarks", "type": "Landmark, built", "name": "Buckingham Palace", "country_code": "GB", "status": "Been", "favorite": false, "also_wishlist": false, "placesbeen_id": 196115}}, {"type": "Feature", "geometry": {"type": "Point", "coordinates": [-3.20083, 55.94861]}, "properties": {"layer": "Landmarks", "type": "Landmark, built", "name": "Edinburgh Castle", "country_code": "GB", "status": "Been", "favorite": false, "also_wishlist": false, "placesbeen_id": 196151}}, {"type": "Feature", "geometry": {"type": "Point", "coordinates": [-0.1194, 51.5033]}, "properties": {"layer": "Landmarks", "type": "Landmark, built", "name": "London Eye", "country_code": "GB", "status": "Been", "favorite": false, "also_wishlist": false, "placesbeen_id": 196205}}, {"type": "Feature", "geometry": {"type": "Point", "coordinates": [-0.09806, 51.51361]}, "properties": {"layer": "Landmarks", "type": "Landmark, built", "name": "St Paul's Cathedral", "country_code": "GB", "status": "Been", "favorite": false, "also_wishlist": false, "placesbeen_id": 196131}}, {"type": "Feature", "geometry": {"type": "Point", "coordinates": [-1.82611, 51.17889]}, "properties": {"layer": "Landmarks", "type": "Landmark, built", "name": "Stonehenge", "country_code": "GB", "status": "Been", "favorite": false, "also_wishlist": false, "placesbeen_id": 196099}}, {"type": "Feature", "geometry": {"type": "Point", "coordinates": [-0.07611, 51.50806]}, "properties": {"layer": "Landmarks", "type": "Landmark, built", "name": "Tower of London", "country_code": "GB", "status": "Been", "favorite": false, "also_wishlist": false, "placesbeen_id": 196130}}, {"type": "Feature", "geometry": {"type": "Point", "coordinates": [-0.1275, 51.49944]}, "properties": {"layer": "Landmarks", "type": "Landmark, built", "name": "Westminster Abbey", "country_code": "GB", "status": "Been", "favorite": false, "also_wishlist": false, "placesbeen_id": 196136}}, {"type": "Feature", "geometry": {"type": "Point", "coordinates": [-0.60417, 51.48333]}, "properties": {"layer": "Landmarks", "type": "Landmark, built", "name": "Windsor Castle", "country_code": "GB", "status": "Been", "favorite": false, "also_wishlist": false, "placesbeen_id": 196121}}, {"type": "Feature", "geometry": {"type": "Point", "coordinates": [23.72611, 37.97083]}, "properties": {"layer": "Landmarks", "type": "Landmark, built", "name": "Acropolis of Athens", "country_code": "GR", "status": "Been", "favorite": false, "also_wishlist": false, "placesbeen_id": 196075}}, {"type": "Feature", "geometry": {"type": "Point", "coordinates": [-89.62361, 17.22194]}, "properties": {"layer": "Landmarks", "type": "Landmark, built", "name": "Tikal", "country_code": "GT", "status": "Been", "favorite": false, "also_wishlist": false, "placesbeen_id": 196065}}, {"type": "Feature", "geometry": {"type": "Point", "coordinates": [18.10833, 42.64028]}, "properties": {"layer": "Landmarks", "type": "Landmark, built", "name": "Dubrovnik Old Town", "country_code": "HR", "status": "Been", "favorite": false, "also_wishlist": false, "placesbeen_id": 196117}}, {"type": "Feature", "geometry": {"type": "Point", "coordinates": [19.04556, 47.50694]}, "properties": {"layer": "Landmarks", "type": "Landmark, built", "name": "Hungarian Parliament Building", "country_code": "HU", "status": "Been", "favorite": false, "also_wishlist": false, "placesbeen_id": 196149}}, {"type": "Feature", "geometry": {"type": "Point", "coordinates": [78.04194, 27.175]}, "properties": {"layer": "Landmarks", "type": "Landmark, built", "name": "Taj Mahal", "country_code": "IN", "status": "Been", "favorite": false, "also_wishlist": false, "placesbeen_id": 196061}}, {"type": "Feature", "geometry": {"type": "Point", "coordinates": [-22.44806, 63.88]}, "properties": {"layer": "Landmarks", "type": "Landmark, built", "name": "Blue Lagoon", "country_code": "IS", "status": "Been", "favorite": false, "also_wishlist": false, "placesbeen_id": 196193}}, {"type": "Feature", "geometry": {"type": "Point", "coordinates": [-21.926944, 64.141944]}, "properties": {"layer": "Landmarks", "type": "Landmark, built", "name": "Hallgrímskirkja", "country_code": "IS", "status": "Been", "favorite": false, "also_wishlist": false, "placesbeen_id": 196180}}, {"type": "Feature", "geometry": {"type": "Point", "coordinates": [10.39639, 43.72306]}, "properties": {"layer": "Landmarks", "type": "Landmark, built", "name": "Leaning Tower of Pisa", "country_code": "IT", "status": "Been", "favorite": false, "also_wishlist": false, "placesbeen_id": 196073}}, {"type": "Feature", "geometry": {"type": "Point", "coordinates": [103.86667, 13.4125]}, "properties": {"layer": "Landmarks", "type": "Landmark, built", "name": "Angkor Wat", "country_code": "KH", "status": "Been", "favorite": false, "also_wishlist": false, "placesbeen_id": 196057}}, {"type": "Feature", "geometry": {"type": "Point", "coordinates": [-88.56861, 20.68306]}, "properties": {"layer": "Landmarks", "type": "Landmark, built", "name": "Chichen Itza", "country_code": "MX", "status": "Been", "favorite": false, "also_wishlist": false, "placesbeen_id": 196074}}, {"type": "Feature", "geometry": {"type": "Point", "coordinates": [-87.428889, 20.214722]}, "properties": {"layer": "Landmarks", "type": "Landmark, built", "name": "Tulum", "country_code": "MX", "status": "Been", "favorite": false, "also_wishlist": false, "placesbeen_id": 196213}}, {"type": "Feature", "geometry": {"type": "Point", "coordinates": [-72.545556, -13.163333]}, "properties": {"layer": "Landmarks", "type": "Landmark, built", "name": "Machu Picchu", "country_code": "PE", "status": "Been", "favorite": false, "also_wishlist": false, "placesbeen_id": 196056}}, {"type": "Feature", "geometry": {"type": "Point", "coordinates": [-122.42278, 37.82667]}, "properties": {"layer": "Landmarks", "type": "Landmark, built", "name": "Alcatraz Island", "country_code": "US", "status": "Been", "favorite": false, "also_wishlist": false, "placesbeen_id": 196137}}, {"type": "Feature", "geometry": {"type": "Point", "coordinates": [-73.997, 40.706]}, "properties": {"layer": "Landmarks", "type": "Landmark, built", "name": "Brooklyn Bridge", "country_code": "US", "status": "Been", "favorite": false, "also_wishlist": false, "placesbeen_id": 196118}}, {"type": "Feature", "geometry": {"type": "Point", "coordinates": [-77.01111, 38.88972]}, "properties": {"layer": "Landmarks", "type": "Landmark, built", "name": "Capitol Hill", "country_code": "US", "status": "Been", "favorite": false, "also_wishlist": false, "placesbeen_id": 196126}}, {"type": "Feature", "geometry": {"type": "Point", "coordinates": [-73.98566, 40.74843]}, "properties": {"layer": "Landmarks", "type": "Landmark, built", "name": "Empire State Building", "country_code": "US", "status": "Been", "favorite": false, "also_wishlist": false, "placesbeen_id": 196087}}, {"type": "Feature", "geometry": {"type": "Point", "coordinates": [-122.47861, 37.81972]}, "properties": {"layer": "Landmarks", "type": "Landmark, built", "name": "Golden Gate Bridge", "country_code": "US", "status": "Been", "favorite": false, "also_wishlist": false, "placesbeen_id": 196092}}, {"type": "Feature", "geometry": {"type": "Point", "coordinates": [-118.32159, 34.13406]}, "properties": {"layer": "Landmarks", "type": "Landmark, built", "name": "Hollywood Sign", "country_code": "US", "status": "Been", "favorite": false, "also_wishlist": false, "placesbeen_id": 196128}}, {"type": "Feature", "geometry": {"type": "Point", "coordinates": [-115.13639, 36.175]}, "properties": {"layer": "Landmarks", "type": "Landmark, built", "name": "Las Vegas", "country_code": "US", "status": "Been", "favorite": false, "also_wishlist": false, "placesbeen_id": 196104}}, {"type": "Feature", "geometry": {"type": "Point", "coordinates": [-122.3491, 47.6204]}, "properties": {"layer": "Landmarks", "type": "Landmark, built", "name": "Space Needle", "country_code": "US", "status": "Been", "favorite": false, "also_wishlist": false, "placesbeen_id": 196169}}, {"type": "Feature", "geometry": {"type": "Point", "coordinates": [-74.04444, 40.68917]}, "properties": {"layer": "Landmarks", "type": "Landmark, built", "name": "Statue of Liberty", "country_code": "US", "status": "Been", "favorite": false, "also_wishlist": false, "placesbeen_id": 196071}}, {"type": "Feature", "geometry": {"type": "Point", "coordinates": [-77.0365, 38.8977]}, "properties": {"layer": "Landmarks", "type": "Landmark, built", "name": "White House", "country_code": "US", "status": "Been", "favorite": false, "also_wishlist": false, "placesbeen_id": 196113}}, {"type": "Feature", "geometry": {"type": "Point", "coordinates": [-73.04322, -49.27128]}, "properties": {"layer": "Landmarks", "type": "Landmark, natural", "name": "Fitz Roy", "country_code": "AR", "status": "Been", "favorite": false, "also_wishlist": false, "placesbeen_id": 196258}}, {"type": "Feature", "geometry": {"type": "Point", "coordinates": [-73.13333, -50.5]}, "properties": {"layer": "Landmarks", "type": "Landmark, natural", "name": "Perito Moreno Glacier", "country_code": "AR", "status": "Been", "favorite": false, "also_wishlist": false, "placesbeen_id": 196112}}, {"type": "Feature", "geometry": {"type": "Point", "coordinates": [-68.302674, -54.807386]}, "properties": {"layer": "Landmarks", "type": "Landmark, natural", "name": "Ushuaia - Fin del Mundo", "country_code": "AR", "status": "Been", "favorite": false, "also_wishlist": false, "placesbeen_id": 197978}}, {"type": "Feature", "geometry": {"type": "Point", "coordinates": [147.7, -18.28333]}, "properties": {"layer": "Landmarks", "type": "Landmark, natural", "name": "Great Barrier Reef", "country_code": "AU", "status": "Been", "favorite": false, "also_wishlist": false, "placesbeen_id": 196089}}, {"type": "Feature", "geometry": {"type": "Point", "coordinates": [-54.44472, -25.68667]}, "properties": {"layer": "Landmarks", "type": "Landmark, natural", "name": "Foz do Iguaçu", "country_code": "BR", "status": "Been", "favorite": false, "also_wishlist": false, "placesbeen_id": 196165}}, {"type": "Feature", "geometry": {"type": "Point", "coordinates": [-43.155556, -22.790278]}, "properties": {"layer": "Landmarks", "type": "Landmark, natural", "name": "Harbor of Rio de Janeiro", "country_code": "BR", "status": "Been", "favorite": false, "also_wishlist": false, "placesbeen_id": 196321}}, {"type": "Feature", "geometry": {"type": "Point", "coordinates": [-43.15722, -22.94861]}, "properties": {"layer": "Landmarks", "type": "Landmark, natural", "name": "Sugarloaf Mountain", "country_code": "BR", "status": "Been", "favorite": false, "also_wishlist": false, "placesbeen_id": 196124}}, {"type": "Feature", "geometry": {"type": "Point", "coordinates": [7.65861, 45.97639]}, "properties": {"layer": "Landmarks", "type": "Landmark, natural", "name": "Matterhorn", "country_code": "CH", "status": "Been", "favorite": false, "also_wishlist": false, "placesbeen_id": 196148}}, {"type": "Feature", "geometry": {"type": "Point", "coordinates": [-72.966389, -50.983056]}, "properties": {"layer": "Landmarks", "type": "Landmark, natural", "name": "Torres del Paine", "country_code": "CL", "status": "Been", "favorite": false, "also_wishlist": false, "placesbeen_id": 197977}}, {"type": "Feature", "geometry": {"type": "Point", "coordinates": [-90.55, -0.66667]}, "properties": {"layer": "Landmarks", "type": "Landmark, natural", "name": "Galápagos Islands", "country_code": "EC", "status": "Been", "favorite": false, "also_wishlist": false, "placesbeen_id": 196194}}, {"type": "Feature", "geometry": {"type": "Point", "coordinates": [15.61611, 44.88056]}, "properties": {"layer": "Landmarks", "type": "Landmark, natural", "name": "Plitvice Lakes National Park", "country_code": "HR", "status": "Been", "favorite": false, "also_wishlist": false, "placesbeen_id": 196189}}, {"type": "Feature", "geometry": {"type": "Point", "coordinates": [-9.42633, 52.97175]}, "properties": {"layer": "Landmarks", "type": "Landmark, natural", "name": "Cliffs of Moher", "country_code": "IE", "status": "Been", "favorite": false, "also_wishlist": false, "placesbeen_id": 196256}}, {"type": "Feature", "geometry": {"type": "Point", "coordinates": [-15.30755, 65.16324]}, "properties": {"layer": "Landmarks", "type": "Landmark, natural", "name": "Stuðlagil Canyon", "country_code": "IS", "status": "Been", "favorite": false, "also_wishlist": false, "placesbeen_id": 196188}}, {"type": "Feature", "geometry": {"type": "Point", "coordinates": [18.633333, 42.433333]}, "properties": {"layer": "Landmarks", "type": "Landmark, natural", "name": "Bay of Kotor", "country_code": "ME", "status": "Been", "favorite": false, "also_wishlist": false, "placesbeen_id": 196274}}, {"type": "Feature", "geometry": {"type": "Point", "coordinates": [18.94278, 69.68278]}, "properties": {"layer": "Landmarks", "type": "Landmark, natural", "name": "Aurora Borealis", "country_code": "NO", "status": "Been", "favorite": false, "also_wishlist": false, "placesbeen_id": 196146}}, {"type": "Feature", "geometry": {"type": "Point", "coordinates": [6.75417, 60.13083]}, "properties": {"layer": "Landmarks", "type": "Landmark, natural", "name": "Trolltunga", "country_code": "NO", "status": "Been", "favorite": false, "also_wishlist": false, "placesbeen_id": 196261}}, {"type": "Feature", "geometry": {"type": "Point", "coordinates": [86.92528, 27.98806]}, "properties": {"layer": "Landmarks", "type": "Landmark, natural", "name": "Mount Everest", "country_code": "NP", "status": "Been", "favorite": false, "also_wishlist": false, "placesbeen_id": 196083}}, {"type": "Feature", "geometry": {"type": "Point", "coordinates": [170.191667, -43.466944]}, "properties": {"layer": "Landmarks", "type": "Landmark, natural", "name": "Franz Josef & Fox Glacier", "country_code": "NZ", "status": "Been", "favorite": false, "also_wishlist": false, "placesbeen_id": 196302}}, {"type": "Feature", "geometry": {"type": "Point", "coordinates": [-71.30295, -13.87023]}, "properties": {"layer": "Landmarks", "type": "Landmark, natural", "name": "Rainbow Mountain", "country_code": "PE", "status": "Been", "favorite": false, "also_wishlist": false, "placesbeen_id": 196123}}, {"type": "Feature", "geometry": {"type": "Point", "coordinates": [37.35333, -3.07583]}, "properties": {"layer": "Landmarks", "type": "Landmark, natural", "name": "Mount Kilimanjaro", "country_code": "TZ", "status": "Been", "favorite": false, "also_wishlist": false, "placesbeen_id": 196198}}, {"type": "Feature", "geometry": {"type": "Point", "coordinates": [-109.56667, 38.68333]}, "properties": {"layer": "Landmarks", "type": "Landmark, natural", "name": "Arches National Park", "country_code": "US", "status": "Been", "favorite": false, "also_wishlist": false, "placesbeen_id": 196166}}, {"type": "Feature", "geometry": {"type": "Point", "coordinates": [-112.6, 36.3]}, "properties": {"layer": "Landmarks", "type": "Landmark, natural", "name": "Grand Canyon", "country_code": "US", "status": "Been", "favorite": false, "also_wishlist": false, "placesbeen_id": 196080}}, {"type": "Feature", "geometry": {"type": "Point", "coordinates": [-110.82815, 44.46046]}, "properties": {"layer": "Landmarks", "type": "Landmark, natural", "name": "Old Faithful", "country_code": "US", "status": "Been", "favorite": false, "also_wishlist": false, "placesbeen_id": 196206}}, {"type": "Feature", "geometry": {"type": "Point", "coordinates": [-110.5, 44.6]}, "properties": {"layer": "Landmarks", "type": "Landmark, natural", "name": "Yellowstone National Park", "country_code": "US", "status": "Been", "favorite": false, "also_wishlist": false, "placesbeen_id": 196125}}, {"type": "Feature", "geometry": {"type": "Point", "coordinates": [-119.64639, 37.72167]}, "properties": {"layer": "Landmarks", "type": "Landmark, natural", "name": "Yosemite Valley", "country_code": "US", "status": "Been", "favorite": false, "also_wishlist": false, "placesbeen_id": 196143}}, {"type": "Feature", "geometry": {"type": "Point", "coordinates": [-113, 37.3]}, "properties": {"layer": "Landmarks", "type": "Landmark, natural", "name": "Zion National Park", "country_code": "US", "status": "Been", "favorite": false, "also_wishlist": false, "placesbeen_id": 196230}}, {"type": "Feature", "geometry": {"type": "Point", "coordinates": [107.2, 20.9]}, "properties": {"layer": "Landmarks", "type": "Landmark, natural", "name": "Hạ Long Bay", "country_code": "VN", "status": "Been", "favorite": false, "also_wishlist": false, "placesbeen_id": 196090}}, {"type": "Feature", "geometry": {"type": "Point", "coordinates": [25.85667, -17.92444]}, "properties": {"layer": "Landmarks", "type": "Landmark, natural", "name": "Victoria Falls", "country_code": "ZM", "status": "Been", "favorite": false, "also_wishlist": false, "placesbeen_id": 196164}}, {"type": "Feature", "geometry": {"type": "Point", "coordinates": [-122.18, 36.89]}, "properties": {"layer": "National parks and monuments", "type": "National monument", "name": "California Coastal National Monument", "country_code": "US", "status": "Been", "favorite": false, "also_wishlist": false, "placesbeen_id": 186910}}, {"type": "Feature", "geometry": {"type": "Point", "coordinates": [-122.46, 42.08]}, "properties": {"layer": "National parks and monuments", "type": "National monument", "name": "Cascade-Siskiyou National Monument", "country_code": "US", "status": "Been", "favorite": false, "also_wishlist": false, "placesbeen_id": 186918}}, {"type": "Feature", "geometry": {"type": "Point", "coordinates": [-120.05, 44.67]}, "properties": {"layer": "National parks and monuments", "type": "National monument", "name": "John Day Fossil National Monument", "country_code": "US", "status": "Been", "favorite": false, "also_wishlist": false, "placesbeen_id": 186963}}, {"type": "Feature", "geometry": {"type": "Point", "coordinates": [-122.18, 46.23]}, "properties": {"layer": "National parks and monuments", "type": "National monument", "name": "Mount St. Helens National Monument", "country_code": "US", "status": "Been", "favorite": false, "also_wishlist": false, "placesbeen_id": 186975}}, {"type": "Feature", "geometry": {"type": "Point", "coordinates": [-122.58, 37.89]}, "properties": {"layer": "National parks and monuments", "type": "National monument", "name": "Muir Woods National Monument", "country_code": "US", "status": "Been", "favorite": false, "also_wishlist": false, "placesbeen_id": 186976}}, {"type": "Feature", "geometry": {"type": "Point", "coordinates": [-123.41, 42.1]}, "properties": {"layer": "National parks and monuments", "type": "National monument", "name": "Oregon Caves National Monument", "country_code": "US", "status": "Been", "favorite": false, "also_wishlist": false, "placesbeen_id": 186981}}, {"type": "Feature", "geometry": {"type": "Point", "coordinates": [145.628888888889, -17.2458333333333]}, "properties": {"layer": "National parks and monuments", "type": "National park", "name": "Crater Lakes National Park", "country_code": "AU", "status": "Been", "favorite": false, "also_wishlist": false, "placesbeen_id": 187430}}, {"type": "Feature", "geometry": {"type": "Point", "coordinates": [-16.616, 28.263]}, "properties": {"layer": "National parks and monuments", "type": "National park", "name": "Teide National Park", "country_code": "ES", "status": "Been", "favorite": false, "also_wishlist": false, "placesbeen_id": 187154}}, {"type": "Feature", "geometry": {"type": "Point", "coordinates": [170.1, -43.7333333]}, "properties": {"layer": "National parks and monuments", "type": "National park", "name": "Aoraki/Mount Cook National Park", "country_code": "NZ", "status": "Been", "favorite": false, "also_wishlist": false, "placesbeen_id": 187079}}, {"type": "Feature", "geometry": {"type": "Point", "coordinates": [171.5, -42.0833333]}, "properties": {"layer": "National parks and monuments", "type": "National park", "name": "Paparoa National Park", "country_code": "NZ", "status": "Been", "favorite": false, "also_wishlist": false, "placesbeen_id": 187076}}, {"type": "Feature", "geometry": {"type": "Point", "coordinates": [-109.57, 38.68]}, "properties": {"layer": "National parks and monuments", "type": "National park", "name": "Arches National Park", "country_code": "US", "status": "Been", "favorite": false, "also_wishlist": false, "placesbeen_id": 186833}}, {"type": "Feature", "geometry": {"type": "Point", "coordinates": [-104.44, 32.17]}, "properties": {"layer": "National parks and monuments", "type": "National park", "name": "Carlsbad Caverns National Park", "country_code": "US", "status": "Been", "favorite": false, "also_wishlist": false, "placesbeen_id": 186841}}, {"type": "Feature", "geometry": {"type": "Point", "coordinates": [-122.1, 42.94]}, "properties": {"layer": "National parks and monuments", "type": "National park", "name": "Crater Lake National Park", "country_code": "US", "status": "Been", "favorite": false, "also_wishlist": false, "placesbeen_id": 186844}}, {"type": "Feature", "geometry": {"type": "Point", "coordinates": [-116.82, 36.24]}, "properties": {"layer": "National parks and monuments", "type": "National park", "name": "Death Valley National Park", "country_code": "US", "status": "Been", "favorite": false, "also_wishlist": false, "placesbeen_id": 186846}}, {"type": "Feature", "geometry": {"type": "Point", "coordinates": [-150.5, 63.33]}, "properties": {"layer": "National parks and monuments", "type": "National park", "name": "Denali National Park", "country_code": "US", "status": "Been", "favorite": false, "also_wishlist": false, "placesbeen_id": 186847}}, {"type": "Feature", "geometry": {"type": "Point", "coordinates": [-80.93, 25.32]}, "properties": {"layer": "National parks and monuments", "type": "National park", "name": "Everglades National Park", "country_code": "US", "status": "Been", "favorite": false, "also_wishlist": false, "placesbeen_id": 186849}}, {"type": "Feature", "geometry": {"type": "Point", "coordinates": [-137, 58.5]}, "properties": {"layer": "National parks and monuments", "type": "National park", "name": "Glacier Bay National Park", "country_code": "US", "status": "Been", "favorite": false, "also_wishlist": false, "placesbeen_id": 186853}}, {"type": "Feature", "geometry": {"type": "Point", "coordinates": [-112.14, 36.06]}, "properties": {"layer": "National parks and monuments", "type": "National park", "name": "Grand Canyon National Park", "country_code": "US", "status": "Been", "favorite": false, "also_wishlist": false, "placesbeen_id": 186854}}, {"type": "Feature", "geometry": {"type": "Point", "coordinates": [-110.8, 43.73]}, "properties": {"layer": "National parks and monuments", "type": "National park", "name": "Grand Teton National Park", "country_code": "US", "status": "Been", "favorite": false, "also_wishlist": false, "placesbeen_id": 186855}}, {"type": "Feature", "geometry": {"type": "Point", "coordinates": [-156.17, 20.72]}, "properties": {"layer": "National parks and monuments", "type": "National park", "name": "Haleakalā National Park", "country_code": "US", "status": "Been", "favorite": false, "also_wishlist": false, "placesbeen_id": 186860}}, {"type": "Feature", "geometry": {"type": "Point", "coordinates": [-121.51, 40.49]}, "properties": {"layer": "National parks and monuments", "type": "National park", "name": "Lassen Volcanic National Park", "country_code": "US", "status": "Been", "favorite": false, "also_wishlist": false, "placesbeen_id": 186871}}, {"type": "Feature", "geometry": {"type": "Point", "coordinates": [-108.49, 37.18]}, "properties": {"layer": "National parks and monuments", "type": "National park", "name": "Mesa Verde National Park", "country_code": "US", "status": "Been", "favorite": false, "also_wishlist": false, "placesbeen_id": 186873}}, {"type": "Feature", "geometry": {"type": "Point", "coordinates": [-121.75, 46.85]}, "properties": {"layer": "National parks and monuments", "type": "National park", "name": "Mount Rainier National Park", "country_code": "US", "status": "Been", "favorite": false, "also_wishlist": false, "placesbeen_id": 186874}}, {"type": "Feature", "geometry": {"type": "Point", "coordinates": [-123.5, 47.97]}, "properties": {"layer": "National parks and monuments", "type": "National park", "name": "Olympic National Park", "country_code": "US", "status": "Been", "favorite": false, "also_wishlist": false, "placesbeen_id": 186876}}, {"type": "Feature", "geometry": {"type": "Point", "coordinates": [-124, 41.3]}, "properties": {"layer": "National parks and monuments", "type": "National park", "name": "Redwood National Park", "country_code": "US", "status": "Been", "favorite": false, "also_wishlist": false, "placesbeen_id": 186879}}, {"type": "Feature", "geometry": {"type": "Point", "coordinates": [-110.5, 44.6]}, "properties": {"layer": "National parks and monuments", "type": "National park", "name": "Yellowstone National Park", "country_code": "US", "status": "Been", "favorite": false, "also_wishlist": false, "placesbeen_id": 186889}}, {"type": "Feature", "geometry": {"type": "Point", "coordinates": [-119.5, 37.83]}, "properties": {"layer": "National parks and monuments", "type": "National park", "name": "Yosemite National Park", "country_code": "US", "status": "Been", "favorite": false, "also_wishlist": false, "placesbeen_id": 186890}}, {"type": "Feature", "geometry": {"type": "Point", "coordinates": [-48.49511147, -1.440848811]}, "properties": {"layer": "Ports", "type": "Port", "name": "Belem", "country_code": "BR", "status": "Been", "favorite": false, "also_wishlist": false, "placesbeen_id": 196959}}, {"type": "Feature", "geometry": {"type": "Point", "coordinates": [-60.02768219, -3.13838427]}, "properties": {"layer": "Ports", "type": "Port", "name": "Manaus", "country_code": "BR", "status": "Been", "favorite": false, "also_wishlist": false, "placesbeen_id": 196970}}, {"type": "Feature", "geometry": {"type": "Point", "coordinates": [-38.51166667, -12.96805556]}, "properties": {"layer": "Ports", "type": "Port", "name": "Salvador de Bahia", "country_code": "BR", "status": "Been", "favorite": false, "also_wishlist": false, "placesbeen_id": 196978}}, {"type": "Feature", "geometry": {"type": "Point", "coordinates": [-110.3486753, 24.12399945]}, "properties": {"layer": "Ports", "type": "Port", "name": "La Paz", "country_code": "MX", "status": "Been", "favorite": false, "also_wishlist": false, "placesbeen_id": 197437}}, {"type": "Feature", "geometry": {"type": "Point", "coordinates": [151.2152777777, -33.8566666667]}, "properties": {"layer": "UNESCO World Heritage", "type": "UNESCO cultural", "name": "Sydney Opera House", "country_code": "AU", "status": "Been", "favorite": false, "also_wishlist": false, "placesbeen_id": 185737}}, {"type": "Feature", "geometry": {"type": "Point", "coordinates": [-38.5, -12.96666667]}, "properties": {"layer": "UNESCO World Heritage", "type": "UNESCO cultural", "name": "Historic Centre of Salvador de Bahia", "country_code": "BR", "status": "Been", "favorite": false, "also_wishlist": false, "placesbeen_id": 185795}}, {"type": "Feature", "geometry": {"type": "Point", "coordinates": [-43.2913888889, -22.9477777778]}, "properties": {"layer": "UNESCO World Heritage", "type": "UNESCO cultural", "name": "Rio de Janeiro: Carioca Landscapes between the Mountain and the Sea", "country_code": "BR", "status": "Been", "favorite": false, "also_wishlist": false, "placesbeen_id": 185809}}, {"type": "Feature", "geometry": {"type": "Point", "coordinates": [33.09583333, 34.92027778]}, "properties": {"layer": "UNESCO World Heritage", "type": "UNESCO cultural", "name": "Painted Churches in the Troodos Region", "country_code": "CY", "status": "Been", "favorite": false, "also_wishlist": false, "placesbeen_id": 185936}}, {"type": "Feature", "geometry": {"type": "Point", "coordinates": [32.40556, 34.75833]}, "properties": {"layer": "UNESCO World Heritage", "type": "UNESCO cultural", "name": "Paphos", "country_code": "CY", "status": "Been", "favorite": false, "also_wishlist": false, "placesbeen_id": 185935}}, {"type": "Feature", "geometry": {"type": "Point", "coordinates": [9.42, 55.75638889]}, "properties": {"layer": "UNESCO World Heritage", "type": "UNESCO cultural", "name": "Jelling Mounds, Runic Stones and Church", "country_code": "DK", "status": "Been", "favorite": false, "also_wishlist": false, "placesbeen_id": 185959}}, {"type": "Feature", "geometry": {"type": "Point", "coordinates": [12.62083333, 56.03889]}, "properties": {"layer": "UNESCO World Heritage", "type": "UNESCO cultural", "name": "Kronborg Castle", "country_code": "DK", "status": "Been", "favorite": false, "also_wishlist": false, "placesbeen_id": 185958}}, {"type": "Feature", "geometry": {"type": "Point", "coordinates": [12.07972222, 55.64222222]}, "properties": {"layer": "UNESCO World Heritage", "type": "UNESCO cultural", "name": "Roskilde Cathedral", "country_code": "DK", "status": "Been", "favorite": false, "also_wishlist": false, "placesbeen_id": 185957}}, {"type": "Feature", "geometry": {"type": "Point", "coordinates": [32.6, 25.73333]}, "properties": {"layer": "UNESCO World Heritage", "type": "UNESCO cultural", "name": "Ancient Thebes with its Necropolis", "country_code": "EG", "status": "Been", "favorite": false, "also_wishlist": false, "placesbeen_id": 185973}}, {"type": "Feature", "geometry": {"type": "Point", "coordinates": [31.26111, 30.05]}, "properties": {"layer": "UNESCO World Heritage", "type": "UNESCO cultural", "name": "Historic Cairo", "country_code": "EG", "status": "Been", "favorite": false, "also_wishlist": false, "placesbeen_id": 185975}}, {"type": "Feature", "geometry": {"type": "Point", "coordinates": [31.62611, 22.33639]}, "properties": {"layer": "UNESCO World Heritage", "type": "UNESCO cultural", "name": "Nubian Monuments from Abu Simbel to Philae", "country_code": "EG", "status": "Been", "favorite": false, "also_wishlist": false, "placesbeen_id": 185974}}, {"type": "Feature", "geometry": {"type": "Point", "coordinates": [-2.358611111, 51.38138889]}, "properties": {"layer": "UNESCO World Heritage", "type": "UNESCO cultural", "name": "City of Bath", "country_code": "GB", "status": "Been", "favorite": false, "also_wishlist": false, "placesbeen_id": 186691}}, {"type": "Feature", "geometry": {"type": "Point", "coordinates": [-1.825277778, 51.17888889]}, "properties": {"layer": "UNESCO World Heritage", "type": "UNESCO cultural", "name": "Stonehenge, Avebury and Associated Sites", "country_code": "GB", "status": "Been", "favorite": false, "also_wishlist": false, "placesbeen_id": 186685}}, {"type": "Feature", "geometry": {"type": "Point", "coordinates": [23.72618, 37.97087]}, "properties": {"layer": "UNESCO World Heritage", "type": "UNESCO cultural", "name": "Acropolis, Athens", "country_code": "GR", "status": "Been", "favorite": false, "also_wishlist": false, "placesbeen_id": 186084}}, {"type": "Feature", "geometry": {"type": "Point", "coordinates": [18.09139, 42.65056]}, "properties": {"layer": "UNESCO World Heritage", "type": "UNESCO cultural", "name": "Old City of Dubrovnik", "country_code": "HR", "status": "Been", "favorite": false, "also_wishlist": false, "placesbeen_id": 185919}}, {"type": "Feature", "geometry": {"type": "Point", "coordinates": [15.89038, 43.73629]}, "properties": {"layer": "UNESCO World Heritage", "type": "UNESCO cultural", "name": "The Cathedral of St James in Šibenik", "country_code": "HR", "status": "Been", "favorite": false, "also_wishlist": false, "placesbeen_id": 185924}}, {"type": "Feature", "geometry": {"type": "Point", "coordinates": [-72.24417, 19.57361]}, "properties": {"layer": "UNESCO World Heritage", "type": "UNESCO cultural", "name": "National History Park – Citadel, Sans Souci, Ramiers", "country_code": "HT", "status": "Been", "favorite": false, "also_wishlist": false, "placesbeen_id": 186103}}, {"type": "Feature", "geometry": {"type": "Point", "coordinates": [-10.53861, 51.77194]}, "properties": {"layer": "UNESCO World Heritage", "type": "UNESCO cultural", "name": "Sceilg Mhichíl", "country_code": "IE", "status": "Been", "favorite": false, "also_wishlist": false, "placesbeen_id": 186188}}, {"type": "Feature", "geometry": {"type": "Point", "coordinates": [78.04222, 27.17417]}, "properties": {"layer": "UNESCO World Heritage", "type": "UNESCO cultural", "name": "Taj Mahal", "country_code": "IN", "status": "Been", "favorite": false, "also_wishlist": false, "placesbeen_id": 186130}}, {"type": "Feature", "geometry": {"type": "Point", "coordinates": [-21.03725, 64.25380556]}, "properties": {"layer": "UNESCO World Heritage", "type": "UNESCO cultural", "name": "Þingvellir National Park", "country_code": "IS", "status": "Been", "favorite": false, "also_wishlist": false, "placesbeen_id": 186113}}, {"type": "Feature", "geometry": {"type": "Point", "coordinates": [103.8333333, 13.43333333]}, "properties": {"layer": "UNESCO World Heritage", "type": "UNESCO cultural", "name": "Angkor", "country_code": "KH", "status": "Been", "favorite": false, "also_wishlist": false, "placesbeen_id": 185824}}, {"type": "Feature", "geometry": {"type": "Point", "coordinates": [24.11667, 56.95417]}, "properties": {"layer": "UNESCO World Heritage", "type": "UNESCO cultural", "name": "Historic Centre of Riga", "country_code": "LV", "status": "Been", "favorite": false, "also_wishlist": false, "placesbeen_id": 186288}}, {"type": "Feature", "geometry": {"type": "Point", "coordinates": [5.32306, 60.39722]}, "properties": {"layer": "UNESCO World Heritage", "type": "UNESCO cultural", "name": "Bryggen", "country_code": "NO", "status": "Been", "favorite": false, "also_wishlist": false, "placesbeen_id": 186401}}, {"type": "Feature", "geometry": {"type": "Point", "coordinates": [-71.98333, -13.52222]}, "properties": {"layer": "UNESCO World Heritage", "type": "UNESCO cultural", "name": "City of Cuzco", "country_code": "PE", "status": "Been", "favorite": false, "also_wishlist": false, "placesbeen_id": 186427}}, {"type": "Feature", "geometry": {"type": "Point", "coordinates": [103.8161111111, 1.3152777778]}, "properties": {"layer": "UNESCO World Heritage", "type": "UNESCO cultural", "name": "Singapore Botanic Gardens", "country_code": "SG", "status": "Been", "favorite": false, "also_wishlist": false, "placesbeen_id": 186535}}, {"type": "Feature", "geometry": {"type": "Point", "coordinates": [-108.4855556, 37.26166667]}, "properties": {"layer": "UNESCO World Heritage", "type": "UNESCO cultural", "name": "Mesa Verde National Park", "country_code": "US", "status": "Been", "favorite": false, "also_wishlist": false, "placesbeen_id": 186718}}, {"type": "Feature", "geometry": {"type": "Point", "coordinates": [-98.46, 29.3280555556]}, "properties": {"layer": "UNESCO World Heritage", "type": "UNESCO cultural", "name": "San Antonio Missions", "country_code": "US", "status": "Been", "favorite": false, "also_wishlist": false, "placesbeen_id": 186738}}, {"type": "Feature", "geometry": {"type": "Point", "coordinates": [-44.6853694444, -23.0186055556]}, "properties": {"layer": "UNESCO World Heritage", "type": "UNESCO mixed", "name": "Paraty and Ilha Grande – Culture and Biodiversity", "country_code": "BR", "status": "Been", "favorite": false, "also_wishlist": false, "placesbeen_id": 186805}}, {"type": "Feature", "geometry": {"type": "Point", "coordinates": [-89.61666667, 17.21666667]}, "properties": {"layer": "UNESCO World Heritage", "type": "UNESCO mixed", "name": "Tikal National Park", "country_code": "GT", "status": "Been", "favorite": false, "also_wishlist": false, "placesbeen_id": 186100}}, {"type": "Feature", "geometry": {"type": "Point", "coordinates": [-72.58333333, -13.11666667]}, "properties": {"layer": "UNESCO World Heritage", "type": "UNESCO mixed", "name": "Historic Sanctuary of Machu Picchu", "country_code": "PE", "status": "Been", "favorite": false, "also_wishlist": false, "placesbeen_id": 186428}}, {"type": "Feature", "geometry": {"type": "Point", "coordinates": [-54.13333333, -25.51805556]}, "properties": {"layer": "UNESCO World Heritage", "type": "UNESCO natural", "name": "Iguazu National Park", "country_code": "AR", "status": "Been", "favorite": false, "also_wishlist": false, "placesbeen_id": 185725}}, {"type": "Feature", "geometry": {"type": "Point", "coordinates": [147.7, -18.28611111]}, "properties": {"layer": "UNESCO World Heritage", "type": "UNESCO natural", "name": "Great Barrier Reef", "country_code": "AU", "status": "Been", "favorite": false, "also_wishlist": false, "placesbeen_id": 185736}}, {"type": "Feature", "geometry": {"type": "Point", "coordinates": [-62.00833333, -2.333333333]}, "properties": {"layer": "UNESCO World Heritage", "type": "UNESCO natural", "name": "Central Amazon Conservation Complex", "country_code": "BR", "status": "Been", "favorite": false, "also_wishlist": false, "placesbeen_id": 185805}}, {"type": "Feature", "geometry": {"type": "Point", "coordinates": [-39.25, -16.5]}, "properties": {"layer": "UNESCO World Heritage", "type": "UNESCO natural", "name": "Discovery Coast Atlantic Forest Reserves", "country_code": "BR", "status": "Been", "favorite": false, "also_wishlist": false, "placesbeen_id": 185802}}, {"type": "Feature", "geometry": {"type": "Point", "coordinates": [-54.43333, -25.68333]}, "properties": {"layer": "UNESCO World Heritage", "type": "UNESCO natural", "name": "Iguaçu National Park", "country_code": "BR", "status": "Been", "favorite": false, "also_wishlist": false, "placesbeen_id": 185797}}, {"type": "Feature", "geometry": {"type": "Point", "coordinates": [-43.0636111111, -2.5366666667]}, "properties": {"layer": "UNESCO World Heritage", "type": "UNESCO natural", "name": "Lençóis Maranhenses National Park", "country_code": "BR", "status": "Been", "favorite": false, "also_wishlist": false, "placesbeen_id": 198066}}, {"type": "Feature", "geometry": {"type": "Point", "coordinates": [-57.38333, -17.71667]}, "properties": {"layer": "UNESCO World Heritage", "type": "UNESCO natural", "name": "Pantanal Conservation Area", "country_code": "BR", "status": "Been", "favorite": false, "also_wishlist": false, "placesbeen_id": 185806}}, {"type": "Feature", "geometry": {"type": "Point", "coordinates": [-87.05833333, 16.75]}, "properties": {"layer": "UNESCO World Heritage", "type": "UNESCO natural", "name": "Belize Barrier Reef Reserve System", "country_code": "BZ", "status": "Been", "favorite": false, "also_wishlist": false, "placesbeen_id": 185781}}, {"type": "Feature", "geometry": {"type": "Point", "coordinates": [12.4233333333, 55.2672222222]}, "properties": {"layer": "UNESCO World Heritage", "type": "UNESCO natural", "name": "Stevns Klint", "country_code": "DK", "status": "Been", "favorite": false, "also_wishlist": false, "placesbeen_id": 185961}}, {"type": "Feature", "geometry": {"type": "Point", "coordinates": [-91, -0.81667]}, "properties": {"layer": "UNESCO World Heritage", "type": "UNESCO natural", "name": "Galápagos Islands", "country_code": "EC", "status": "Been", "favorite": false, "also_wishlist": false, "placesbeen_id": 185968}}, {"type": "Feature", "geometry": {"type": "Point", "coordinates": [-16.6436111111, 28.2713888889]}, "properties": {"layer": "UNESCO World Heritage", "type": "UNESCO natural", "name": "Teide National Park", "country_code": "ES", "status": "Been", "favorite": false, "also_wishlist": false, "placesbeen_id": 186590}}, {"type": "Feature", "geometry": {"type": "Point", "coordinates": [15.61444, 44.87778]}, "properties": {"layer": "UNESCO World Heritage", "type": "UNESCO natural", "name": "Plitvice Lakes National Park", "country_code": "HR", "status": "Been", "favorite": false, "also_wishlist": false, "placesbeen_id": 185921}}, {"type": "Feature", "geometry": {"type": "Point", "coordinates": [77.5833333333, 31.8333333333]}, "properties": {"layer": "UNESCO World Heritage", "type": "UNESCO natural", "name": "Great Himalayan National Park Conservation Area", "country_code": "IN", "status": "Been", "favorite": false, "also_wishlist": false, "placesbeen_id": 186146}}, {"type": "Feature", "geometry": {"type": "Point", "coordinates": [-16.8815404444, 64.577363]}, "properties": {"layer": "UNESCO World Heritage", "type": "UNESCO natural", "name": "Vatnajökull National Park - dynamic nature of fire and ice", "country_code": "IS", "status": "Been", "favorite": false, "also_wishlist": false, "placesbeen_id": 186813}}, {"type": "Feature", "geometry": {"type": "Point", "coordinates": [14.9966666667, 37.7561111111]}, "properties": {"layer": "UNESCO World Heritage", "type": "UNESCO natural", "name": "Mount Etna", "country_code": "IT", "status": "Been", "favorite": false, "also_wishlist": false, "placesbeen_id": 186243}}, {"type": "Feature", "geometry": {"type": "Point", "coordinates": [86.91306, 27.96528]}, "properties": {"layer": "UNESCO World Heritage", "type": "UNESCO natural", "name": "Sagarmatha National Park", "country_code": "NP", "status": "Been", "favorite": false, "also_wishlist": false, "placesbeen_id": 186377}}, {"type": "Feature", "geometry": {"type": "Point", "coordinates": [118.9166667, 10.16666667]}, "properties": {"layer": "UNESCO World Heritage", "type": "UNESCO natural", "name": "Puerto-Princesa Subterranean River National Park", "country_code": "PH", "status": "Been", "favorite": false, "also_wishlist": false, "placesbeen_id": 186439}}, {"type": "Feature", "geometry": {"type": "Point", "coordinates": [37.36667, -3.06667]}, "properties": {"layer": "UNESCO World Heritage", "type": "UNESCO natural", "name": "Kilimanjaro National Park", "country_code": "TZ", "status": "Been", "favorite": false, "also_wishlist": false, "placesbeen_id": 186716}}, {"type": "Feature", "geometry": {"type": "Point", "coordinates": [-123.9980556, 41.37388889]}, "properties": {"layer": "UNESCO World Heritage", "type": "UNESCO natural", "name": "Redwood National and State Parks", "country_code": "US", "status": "Been", "favorite": false, "also_wishlist": false, "placesbeen_id": 186723}}, {"type": "Feature", "geometry": {"type": "Point", "coordinates": [-110.82778, 44.46056]}, "properties": {"layer": "UNESCO World Heritage", "type": "UNESCO natural", "name": "Yellowstone National Park", "country_code": "US", "status": "Been", "favorite": false, "also_wishlist": false, "placesbeen_id": 186719}}, {"type": "Feature", "geometry": {"type": "Point", "coordinates": [-119.5966667, 37.74611111]}, "properties": {"layer": "UNESCO World Heritage", "type": "UNESCO natural", "name": "Yosemite National Park", "country_code": "US", "status": "Been", "favorite": false, "also_wishlist": false, "placesbeen_id": 186730}}, {"type": "Feature", "geometry": {"type": "Point", "coordinates": [107.1, 20.9]}, "properties": {"layer": "UNESCO World Heritage", "type": "UNESCO natural", "name": "Ha Long Bay", "country_code": "VN", "status": "Been", "favorite": false, "also_wishlist": false, "placesbeen_id": 186749}}]}